"Path","SHA256"
"backend/.env","c9dec601414716422fab5210fbb66880d1b4effdb130f4f5ab81735f7bede4f9"
"backend/.env.example","f6a9691b49b46d03e185f197ca3983bc28279295c7005830653d212e306fe42f"
"backend/.pytest_cache/.gitignore","e7c6bb30148cf667606dcd63e7ca77acaa3cfb0c8303bf09e6419e1e1669dc6d"
"backend/.pytest_cache/CACHEDIR.TAG","37dc88ef9a0abeddbe81053a6dd8fdfb13afb613045ea1eb4a5c815a74a3bde4"
"backend/.pytest_cache/README.md","420e808d79a6c25d3cda0af33bc4782314a14949866682c68ce8149e89b66b70"
"backend/.pytest_cache/v/cache/lastfailed","40b3561cd16480f1bf11899e3666d7e624bcbf0ddbf1b2baeddc6b8a02e17969"
"backend/.pytest_cache/v/cache/nodeids","f83f727ed6414f1a0979437d242ab9b28bfeb4aab3069e21c7debe65e8d86d6f"
"backend/.ruff_cache/.gitignore","9e3a60f1e6ec4ae60215c11d54b171392745ec25e9dded433d5bd921363af316"
"backend/.ruff_cache/0.15.21/11235219254035461550","f53dcee925c5a26a21f327ade22d0c9a40e0f83167ce9b1cd033e7fb75ed6dfe"
"backend/.ruff_cache/0.15.21/13223919566942280622","5206df8cab465b24ba025569cb39849a17b68acaa43146adc66fee75e4d2e100"
"backend/.ruff_cache/0.15.21/14447322310166504798","f48126c961ccb160cd65dd65725e24d3eec8e0021a531fffe7d291e6dcd1266d"
"backend/.ruff_cache/0.15.21/16209456849095340983","c1365839760fbe6d062a0e64868bfa5ff2a6c4378e11578268a7417d7a043c2e"
"backend/.ruff_cache/0.15.21/4607138699777269504","810ec688a0544f28f0d21cc877091417e0a81eaf62fb356a9b43f0b456f0bbc9"
"backend/.ruff_cache/0.15.21/5802083540344108994","210e43bcde1f985cd4390494f7401a5457c8645246b81174e56fac35bcf3c355"
"backend/.ruff_cache/0.15.21/6171488148340233785","97383ec1b6a2ceb6f373e3f5f10ef2888a309ec5ac562863c56da8017ffd31b4"
"backend/.ruff_cache/0.15.21/8959278797701146276","333e025b157d6552266331ccdabfa97d1fd3c87394323a2e562a8e362363d269"
"backend/.ruff_cache/0.16.0/6074656354309445608","a6999d4b9622268d33d8691838a1bcf43ddfe35cd08ef347093d06c97322a430"
"backend/.ruff_cache/0.16.0/6089123038282355045","1b5d31f73f966f85f74e5e9f0e2e62de5bf2054b8ccc9c638a108cd48461ac3e"
"backend/.ruff_cache/0.16.0/672383787009446167","8a1a24326ef296747043ede416299addc97b45d62bbacea413f0f790d5978c97"
"backend/.ruff_cache/0.16.0/8963086069634923738","e7355bcd546e91a314dd0e1c0e5820ae5a79dc9b67d7a83035e60b5ad1a1b464"
"backend/.ruff_cache/CACHEDIR.TAG","5953156d7e0c564a427251316eaf26f8870e6483ae2197f916b630e4f93e31ae"
"backend/=0.7.0","e3b0c44298fc1c149afbf4c8996fb92427ae41e4649b934ca495991b7852b855"
"backend/alembic.ini","de26226445c4d96bf650b4a9b8538a5c85509802c0c0de9094dd85ad6a27414b"
"backend/alembic/env.py","8052e4639bb88747d3a36536a1356aad18f3df45046e82218edcdfab5ec9e1da"
"backend/alembic/script.py.mako","429df476b59e8781509bcca90863b09bd0221b085bb0e30472ebc80b744032be"
"backend/alembic/versions/20260710_0001_w0_u02_core_persistence.py","6050a41d64f77a98d1cdc94168e07086ea318ac68ef22d9237cdce5bdb4ca7ba"
"backend/alembic/versions/20260710_0002_w0_u03_ingestion_runs.py","f8739ab40cbac7fb0dc0f62a049193a504be63ac2463f5ce6d1e436ac893a008"
"backend/alembic/versions/20260710_0003_w0_u04_operators.py","240c8668cc13897171a326eb3b2948bc8244de71974daf355c63005be13ac092"
"backend/alembic/versions/20260711_0004_w0_u08_auth_hardening.py","6e4c177a3f384d336123a93e558e83502ea9b9d8acbae041e06a6620d29aedf0"
"backend/alembic/versions/20260713_0005_w2_u01_dataset_architecture.py","c4dfc2701ea54234cf5b8a2c19c4aec4c01ba05509ccc556ee11e72f482c50a4"
"backend/alembic/versions/20260713_0006_w2_u02_market_metadata.py","5a391afdd5915341c1869748627500b33741167050c1649ba54b1fc292c840cd"
"backend/alembic/versions/20260713_0007_w2_u03_feature_store.py","cd90a275ad8e18e27852f438539d26a03fcca2b3bdc3d500b8a25e859e843e97"
"backend/alembic/versions/20260713_0008_w2_u04_split_manifests.py","478e85f3f1e654fc8dabe0d648dd7a219ec1dc025a259a928c1d4a2b121966c7"
"backend/alembic/versions/20260713_0009_w2_u05_experiment_registry.py","12e5a444bd9e15a3596298f66ecb330b287515d6142e12f4ac9857b2dba90762"
"backend/alembic/versions/20260714_0010_w2_u06_model_artifact_registry.py","4314f79138f0d5478706db0fb13b75eff59563f29825451fb6bedffade0d27f4"
"backend/alembic/versions/20260714_0011_w2_u07_validation_reports.py","84dc36852d766536ed140d625544188f4028c58cf0280f4bf94c96ed6001072e"
"backend/alembic/versions/20260714_0012_w2_u08_calibration_reports.py","7094478f6c3ac9c7d4cba6d45711be5e825104c5f8fd2febdda16c0163f94325"
"backend/alembic/versions/20260715_0013_w2_u09_economic_reports.py","b3728f66da6e240e324b647db3d3bebc707e9eba8f0e56817b1d623164f61186"
"backend/alembic/versions/20260715_0014_w2_u10_generalization_drift.py","01f3771733cf30a4cd013aa8d83e39595d69e863ea0144b61a92cf26a9036add"
"backend/alembic/versions/20260715_0015_w3_u01_advisory_status.py","99d35fc9d159645361fc6fc8758abc5684ce308afc7db6e5cb8747a56b561c8b"
"backend/alembic/versions/20260715_0016_w3_u02_advisory_signals.py","c196beb5f7c41a40d703141e275f31365e3461a090e6d7a17c9b29ee29cc9168"
"backend/alembic/versions/20260715_0017_w3_u03_signal_guardrails_staleness.py","dd11d57fa754fb5a6bd81168098f65de4dd9760b648b2d785ef01a3c81421910"
"backend/alembic/versions/20260715_0018_w3_u06_monitoring_alerts.py","8bcd7056b2ca195c33bcf27c3a564f34eae1081d42be8594940e3edfb40555ee"
"backend/alembic/versions/20260716_0019_w4_u02_correlation_reports.py","425a3b0d7cda7e1ed9250e5e0ab38f88cb809bb3c60ae5b2ec80951734e038cd"
"backend/alembic/versions/20260716_0020_w4_u03_regime_reports.py","71e13acf106ce972149437ad2913be745851b3616c497abd6e3d8f654dbf4a45"
"backend/alembic/versions/20260716_0021_w4_u04_scenario_reports.py","252a872a750a4f036eb854b6742f7b4a73a86cdea9580c82b47929f5c275f6fc"
"backend/alembic/versions/20260716_0022_w4_u05_portfolio_risk_reports.py","7dfaa4dddb12b5a63a4fdbe977e32f9546c29060a8585942f305b8e889be4e54"
"backend/alembic/versions/20260716_0023_w4_u06_signal_validation_reports.py","76041daee80cddc448de603de927741ce9fb90ccd1e1be084ef52753b450abe2"
"backend/alembic/versions/20260717_0024_w5_u02_assistant_research_responses.py","e1d9fceccbf56fb089e3acf52b180da915ff1531dbae5b8eedb841802eb4a9a6"
"backend/alembic/versions/20260717_0025_w5_u03_chart_research_annotations.py","f11c6f3d238452b0d8f6dadb6faaf95a93592fd7aad565190eaf42a7c651d85d"
"backend/alembic/versions/20260717_0026_w5_u06_trade_plan_notes.py","9c9d0b696b90345e132e3a652ecea1c1931e95e1b746e6b39c454416d94868e3"
"backend/alembic/versions/20260717_0027_w5_u07_manual_trade_journal_entries.py","9161f8f10a134e38fae59d9f02cf41387959295575c87764c60b979a7e4c6aa9"
"backend/alembic/versions/20260717_0028_w6_u02_simulated_execution_runs.py","168a5e133495ac05d7c516fc76fa8e0667ad5b693a6733bb37630ab918957ec3"
"backend/alembic/versions/20260717_0029_w6_u02_simulated_fill_events.py","3d41f7dcb96a07cc48cffb9547f91129f87bf49cd15deca50e01a0d345146b73"
"backend/alembic/versions/20260717_0030_w6_u03_simulated_paper_ledger.py","55b4dc0af234e4de3a9848a3f2ad4baff71aa5eda8cbb2ecda989e8379e77611"
"backend/alembic/versions/20260717_0031_w6_u04_execution_risk_reports.py","b11e62789a08fef5e2bc3836c21d739aea49a3bea389f440c5d1f6f9d422c247"
"backend/alembic/versions/20260717_0032_w6_u05_execution_research_experiments.py","ab45aeeeb506a284e88bcd9af106ba8700cbd099d1c2f697ac64225b145af8c8"
"backend/alembic/versions/20260717_0033_w6_u06_simulated_execution_analytics_reports.py","837a46d76b6c81593c7b7d2f17cb6763239438dbc2879140621b36b8ad279244"
"backend/alembic/versions/20260717_0034_w7_u02_operator_workspace_preferences.py","9eda3a40257919fd79bc2bf3254377e24c7fcaeb984c5be07ceece700fcbe74b"
"backend/alembic/versions/20260717_0035_w7_u03_research_collections.py","6ec158a5ffa8f925c75f11db48d9a154bd8d753579f312ca30e65d8e9b7feb20"
"backend/alembic/versions/20260717_0036_w7_u03_research_collection_members.py","2f3ab59810f876e303b66f075aef2009feac7be217cf89d04f6511222df9c3e4"
"backend/alembic/versions/20260717_0037_w7_u03_research_tags.py","5c69833c0ac71bac19043dba7f99e6aceb0171e7b4cfca4f8ea771045dc76f06"
"backend/app/__init__.py","c395ea82f0f2d75c4db760491334f4698b4d897bd61adbdbff251c17ce3667d8"
"backend/app/api/__init__.py","33c1a57f01de547ad6ed449194dfbaa17410053a2e78058ba8aefc836d2482d9"
"backend/app/api/router.py","d0b2a8e69b2a95694e34be1a536439efbd19fac26d6e1764b8e12821a6b21a2d"
"backend/app/api/routes/__init__.py","91a71aff4bd3390524cba41ba5284ae26d52d957909f8b364c0014752d5c2d2c"
"backend/app/api/routes/advisory_analytics.py","9bf81de95cdd8b86f912b703edca2233d3e699801f305f4ad44ee461dadf19eb"
"backend/app/api/routes/advisory_signals.py","2e1eed3cadb5e41a52d5fdfc79b4067ffd74ddad3ca5f8bff2bb6099ce2e5df3"
"backend/app/api/routes/auth.py","fb9d16c46662f308299e4e915a54bc5e57a62b1d1c01f7ff0a28f2cd3a96e9e4"
"backend/app/api/routes/collaboration.py","babb19180d36a34cb1e06716d0b3f09f130838335c3a1e74fcd5836aa1cf0b14"
"backend/app/api/routes/execution_research.py","db5193ec6fb7e93420a04c443d63b607c2752a1204e95e94b71210fd5f32d7f5"
"backend/app/api/routes/health.py","100d52918b9650c7465382c3cb27e64e36ed4cf5594073855305cdf30e4063b2"
"backend/app/api/routes/ingestion.py","6f4a00ca150f259b84a99c785ddcc3f6cc04288ddd2f2b9c64fbded3f0677acb"
"backend/app/api/routes/institutional_platform.py","20393f77d1d2812eb0dc122e99063d11ac322d6f65401c707122112dafd98312"
"backend/app/api/routes/intelligence.py","2d5442d6f3b71da8c3952d1658dd5565e6b822ff74321dd005f869260525885a"
"backend/app/api/routes/market.py","a950b6dc2c413280cc05d2f7f2da3bf993f690944e2054be9e64b2c65e43cf81"
"backend/app/api/routes/monitoring_alerts.py","b6bf53c515aec1fa746a6be1d9aec221240120853f8888ac856f7d2ef943ab39"
"backend/app/api/routes/observability.py","5839bc2eaf1049bf33d8cf656381328f460f2e69f27de68af215c42ef62ce0ea"
"backend/app/api/routes/operator.py","71a08eec24d416d94272b31935e1e9c7827fdafda201a21c3fea095d057b5e56"
"backend/app/api/routes/persistence.py","682fe3f33e43a8ff9a2993902e91fd36ebe402eeb13d7eacf6041b9bc868166b"
"backend/app/api/routes/system.py","6a9647d86a56458fc9e3c65bb1bdbb8e120a0548d967aaac2ff5429182b04a2e"
"backend/app/api/routes/ws.py","88f42210d2c2551ec1959f1742c6d94d98384f96523e701aa0b1470b8de54d44"
"backend/app/auth/__init__.py","003be18c52bb9a10592656909b4a43d7422123eb7d210102b32ceab847bed3fc"
"backend/app/auth/dependencies.py","2005b4f873dad1be2042eda1b9b8c7d705eab84cec84bc08b7f37ec27b622151"
"backend/app/auth/security.py","18090d4faa564d1cf8ea9eaf606661c06d83ad500ab9209b8b66afb5eb1a67b7"
"backend/app/auth/service.py","9aab4cf291db88e1b57ad37421ab6f750f593604ccf80b0f07655cdd7c62a670"
"backend/app/collaboration/__init__.py","870834eaca43b4b5a04a097b0529c6951e21063bba625fb6634e534d01885162"
"backend/app/collaboration/assistant.py","9683269c77e6b3963d35834ea9a8d4d6a409fafa296a029e6bdc7d6b942af92b"
"backend/app/collaboration/chart_annotations.py","32bb81c392ae34f3602f6891e3eb1c9e867381725f1a110f995d3ddf7081bb1f"
"backend/app/collaboration/contracts.py","f86d15e3fe3905fd0283ff1f551c637a0eb3dab5031cff437c54b937ca56740f"
"backend/app/collaboration/journal.py","35a5d6ae984b55622874531c458a8c2a7e549f58311b13764ce67eb157d457fc"
"backend/app/collaboration/research_responses.py","78229baaa6eecdc1a70deec0f6dd95816be365958ada612d208ffeb639522d38"
"backend/app/collaboration/trade_plans.py","d2d83223922b7b015f8a934c64c0102a4558ff251ec730a919e3cc6a374ca190"
"backend/app/core/__init__.py","9c196fd59e32d2beff94cb1ec2ffc306d92463d11accfbd7ec07ad66e071408c"
"backend/app/core/config.py","d7c78c38882f966def4340bea9f9c42ff0fa40aaf8b9fcb6179cb8d9bbe89508"
"backend/app/core/dependencies.py","d92d10dca948f396c317ea3ebb168aec142b3f40de907d4256d25cf5d3f19c75"
"backend/app/core/logging.py","43c24c7a00c55f907b1af08260ee9f4666656ce07e29fe98c31fd1bbfe12c703"
"backend/app/core/time.py","82d10300e14149f483bbe069209ba69a0f19a6bc6c576daf8c4ba7ea6fc84fe2"
"backend/app/db/__init__.py","34380a9abff2537ac8572d96e9191e79a15d2082d4dbdd61fc9eabb814f98d81"
"backend/app/db/base.py","c9a66fd9967ab1e7535e66d6f028b004e7d1e5347c602b54d088c6ec89a2dc03"
"backend/app/db/models/__init__.py","8f5f45a805dcc552b44dae640e8a2a69e863b9f834811d6129c6a7cb887aa551"
"backend/app/db/models/advisory_signal.py","c6259aeccbca33bd553933af53d331dc02fa2b724dc75443bb28569b18b02976"
"backend/app/db/models/assistant_research_response.py","7a46cd06ee0deac4dcb0e06cb214ce297693d31e3f6063da5aa96db4a186475c"
"backend/app/db/models/audit.py","c6363c4217f485b32afe8c15673697f2318c13b7c36449302c846a9573bc743a"
"backend/app/db/models/calibration_report.py","695905391450ef0b15b2cd4814c851b72e2ebee513ef716f39f8fde09133da87"
"backend/app/db/models/candle.py","64c3d919f692e216ab569aab9f8b2ab5256dcfeb031721e53ac5485fc83347fb"
"backend/app/db/models/chart_research_annotation.py","605f654161f8b5b37634dd4abbd5902b427d81a024e560bc9d7bc42f34c9c076"
"backend/app/db/models/correlation_report.py","e0f3fd425578ed38488e1c7c9d2f2a05f1c48fa28a252718c830a2df3ad417a2"
"backend/app/db/models/dataset.py","e37cf875d231632e3f182cc1de32053441b869e26202fa72979275b50e35ac89"
"backend/app/db/models/dataset_split.py","b3fc05d94474e20ae6e6a996ebfe849a942e0f01049616b85b759c2411701e89"
"backend/app/db/models/economic_report.py","76e211f6a507ba0dfdb04f1799b4350b2ed9242ce1488620998e4f28ff3c7dc6"
"backend/app/db/models/execution_experiment.py","91309cb6e6f9f6362e460bd599d8285fcf409449cacfc30f2cfa4ed8fe2748b4"
"backend/app/db/models/execution_risk_report.py","08d5358d0d87f0ad662ca175f62b8b4a0051bc7fe1792f5add716000cd22a56f"
"backend/app/db/models/experiment.py","4d3296bd7aca9a68eac29a56991bc5d2b9c7546a8d0af965a93638af430b5296"
"backend/app/db/models/feature.py","c451ed2ecf97858d6487dc911f21d6cf9abd18c5f19560d1bfa9459c0f1a5d34"
"backend/app/db/models/feature_definition.py","96bf1d2d1c727e2bb219c6160aa918963966ef141dd2b70ade5c2a2e0b1014ed"
"backend/app/db/models/generalization.py","086a1f9dc6f52b576494a8d06f7c4dda45b08a6d86cde195f6030d9cb66743f4"
"backend/app/db/models/ingestion_run.py","f69aee0aeadc9c81a5082074d76929a0fdb36d80055bad695eab92c46dbc07fc"
"backend/app/db/models/manual_trade_journal_entry.py","e7b5831f6c488bc0a1341fd6d975ad3e5ae4e585edea88f8796138f4ea6fa4d2"
"backend/app/db/models/market_metadata.py","4d8ecf96029ad09ec804f984c40fbdd4c6eebbc8d805da6d50e5f721d6a3b2b0"
"backend/app/db/models/model_artifact.py","8eee3153ca1cbdec563f81fb5b7c48aff95490d968e3e3993e61a6d50ebf5519"
"backend/app/db/models/monitoring_alert.py","c2cb9ff459a0ee3575ceea2cf6cff2fd3699a076c9f17de9ef86906872e041e0"
"backend/app/db/models/operator.py","749aece0fa982a8bc923d3b6dd6b1c477eca933ea8a98b8815ef9ee893974157"
"backend/app/db/models/operator_workspace_preference.py","81af1a622e023d881d3e5aa452f107ee4facd0a816b03cdd6e901cf04b80039b"
"backend/app/db/models/portfolio_risk_report.py","b17c0ab6c70e90600ad5377143963c3493e7060e840d6e457777370dadc38d18"
"backend/app/db/models/refresh_token.py","5cdd9652ce91b84fbb88b3077ff36021143b5d475dbc80c7ba5ceeb33d4dc62b"
"backend/app/db/models/regime_report.py","f325656e0c0290f603ef5052fd33704e3e3cf959343f4e773305ada48af8ef0c"
"backend/app/db/models/research_management.py","6a9ebd324b9db80c1f0169aa5eb5f55797d388982890f96cf8c3c8c315faee29"
"backend/app/db/models/scenario_report.py","b9cda100a22b93a6f3d3a68dc77c5eaa1bc9dc4467aa53273b2519516348dc29"
"backend/app/db/models/signal_validation_report.py","cf2b1c623392abca71eae56f33558dfe89f687bdc4f5a61d8c87446a5f918bb9"
"backend/app/db/models/simulated_execution.py","93e3cfe5d4796e76bd784ae8bb15c2a310f0e27b193a5a76b2ce18c601cd33b8"
"backend/app/db/models/simulated_execution_analytics_report.py","d8a1d2a474ddf769c10e1f280cc811a7485e00d5eb6ef9081ebfc56fd7daaa55"
"backend/app/db/models/simulated_paper_ledger.py","61aff54e5a60fda4c99dd4166b3bb40ce4931736bdd29aa66dfe4b06da89fbf0"
"backend/app/db/models/trade_plan_note.py","5a04e2debaeb8a2903d7889699f51fbc47fe07572c1fef5cc7c95486d9e933f8"
"backend/app/db/models/validation_report.py","6a905e846d60107b1ba94d0acd2810fc4ccec14b2dbf9d22502703e6a4763bd9"
"backend/app/db/models/ws_ticket.py","6833434fdedd10996b51c05b4f5a9a291247a90c9ec08494d0249690bd810911"
"backend/app/db/session.py","9521c87c5582619fd2de12f1b328b1aaf0a2bd715103bbcc1c943cfa3f7c0253"
"backend/app/execution_research/__init__.py","9c69ee9c8b3e5e75c03078e94fd116772161a2de6981ef4547ce2317b8eac112"
"backend/app/execution_research/analytics.py","b2fe2fdb06e49ca7d7fadc7aaef23e29795e93ea5b4747054e42b552788a16e1"
"backend/app/execution_research/contracts.py","8bbeb9d357856f97f15c4d73b6807bbc4cbd120c2560eb5dc61102a62f443366"
"backend/app/execution_research/experiment.py","7ab8bb0ac8f778daab9b2cb609f63a9d06562404131bf98350a1fc030ee3d04b"
"backend/app/execution_research/ledger.py","6ec97a72aea910bf5c30e5c13ca8679749e6e53ad439cba4928eda7ecfc14a13"
"backend/app/execution_research/risk.py","6940509097b65e6fa85a2b1fcd81e07855c9e6ac2eba0530276352c828512590"
"backend/app/execution_research/simulation.py","f163e610ba1a6215ac9229c6993a0f667ac916bdc53bf9fc1bb30d1b1efe70c7"
"backend/app/external_integration/__init__.py","e3b0c44298fc1c149afbf4c8996fb92427ae41e4649b934ca495991b7852b855"
"backend/app/external_integration/broker/__init__.py","ba625764c4f9e71ac03f084a58fef2802ad4412896dbd8a01d12ff9928bd4704"
"backend/app/external_integration/broker/errors.py","c4c9973afbb7a4e44626733b0ae41a030b4975b011b14205b1e1d4007f680afb"
"backend/app/external_integration/broker/governance_gate.py","f8aaae2c4ebdf3dd1aedb1eb11c8fbaf3109e97cdda775accf4f75b8b8bb3609"
"backend/app/external_integration/broker/models.py","732b88d2ae4a631bd78e9aa0760ead61f71c91f29812cf0eaa69a2885ac37423"
"backend/app/external_integration/broker/null_broker.py","ff501c3a8568354500e4742a264260a6b29075516156db78384ef3333eec00df"
"backend/app/external_integration/broker/port.py","9fa4b1a0dad36f1bec15eac35fcf6379db71a5a5d494698bf83672bdd9f3ad12"
"backend/app/external_integration/broker/service.py","08c610cc11303b2328eedd45577d4c538e2297fee898dead221be2e559ee6702"
"backend/app/ingestion/__init__.py","e4d9a4250d03c85a217dfe4f1b1b0e576b9c0b1ceccf4ec3e6a43204d424c344"
"backend/app/ingestion/csv_loader.py","bb55b1f4c03b981ce853f5e9fc05d9b45ab98c728a9feeb0192391d203c1aa06"
"backend/app/ingestion/normalize.py","cefe212ad8d7c1c5d7c46e9d4253ba5baae070fbbc86ce2cfa4d960e951d3edf"
"backend/app/ingestion/service.py","aab6bee86ecbebe8374e7aec8a579cef304590cfde7356580c97c43fe29d9b08"
"backend/app/ingestion/types.py","705bf9f002698fe9788ed04758c706a3fb0953bc425fe8b2571681bfd1308bd6"
"backend/app/institutional_intelligence/__init__.py","8cebbd434d915fd2922aa03cb59153167cd749447f132bcabaac3d29f872afc7"
"backend/app/institutional_intelligence/contracts.py","edbfe58651210fdbc979f614da8e439e941ad812ad9544074c3bb899dfaa8688"
"backend/app/institutional_intelligence/correlation.py","9fde342c6f13ba2459f6f4cad809b3a1f35d23bdb972ce7449d7f1afcfba5c61"
"backend/app/institutional_intelligence/portfolio_risk.py","ed3efba8a5118de349b983eed5076698e0b2979dea2b155b6a2aff2f7572e84c"
"backend/app/institutional_intelligence/regime.py","bae0b289a5ea8dca52bf7090df58f9c74c7d21a482b8620adc384cd4ecdf0b40"
"backend/app/institutional_intelligence/scenario.py","57ae049d7ef2263ee132b63a466dffd3b90d02b8052ebaffef8ee793c1c85f3a"
"backend/app/institutional_intelligence/scientific_dependencies.py","105601fedaa10d265a4ecabf7d4da1c6a9c956d3c57f50396488830a8223551c"
"backend/app/institutional_intelligence/scientific_fallbacks.py","1aa005a422b1d5391064e74ff49b1cf711521ed31cb50e437cf28bd41389c5e5"
"backend/app/institutional_intelligence/signal_validation.py","5e62a500e3ac1ba3c7eb5ab065f08637978d76cb928eb6ae81500adc65da364d"
"backend/app/institutional_platform/__init__.py","e693f3f019fcb96fdc4afccfe33c36f8a8e00aac9822dcbf82fca9f64a860419"
"backend/app/institutional_platform/api_catalogue.py","d8ce8ff280114e2de2691cdc5fa1fcbaef0eeea1a70d7d078bdf2cf99f6eb99d"
"backend/app/institutional_platform/plugins/__init__.py","5887aee1d3c0ea78f9f19ac79c88bc2f8b299bc19a06fdc70fc3fc4f352c4491"
"backend/app/institutional_platform/plugins/contracts.py","e12125d24d54a34375a02034f0990b84f5eaa5915dd6eb782014ba7b6dd1b4fd"
"backend/app/institutional_platform/plugins/registry.py","727b70c099e094762ff51ce0b0a341ce88ebecfb79fdd3be15235d7c43a108ad"
"backend/app/institutional_platform/plugins/service.py","549a2676636a8f15122f25440a6d122b0d2100cbde4a963e042ca3bf4b3b2491"
"backend/app/institutional_platform/portfolio_research.py","c24410db6c3d6a77d1673351eee25119c111ce74201e7a0b1f8a4867cbc4bcbc"
"backend/app/institutional_platform/preferences.py","6425828081aae2083d22b590857545fbceeed64053e56d3db272d0aec3443802"
"backend/app/institutional_platform/rbac.py","5d3a54ef0ee120744931c0f3daffdf1185ad6d39aa90d1c0e9fdd1b709e8025f"
"backend/app/institutional_platform/readiness.py","bf7ceac08a5b40dd96cc54ac5bcffa3db6397580a1913243ada4818ccff6010d"
"backend/app/institutional_platform/research_management.py","79aadda90b75390d1b8d624137a4cbdc16c240fce6cf31717e7c78051c6d48a5"
"backend/app/main.py","c713db8546af9c474b66d9d58022092100f23f9b6d458146a5a6e3d24dc29e25"
"backend/app/market/__init__.py","68633ff4bc5293f3bf08f52a3dc915836a9d50cdcefba90be5e7a4445212d6d3"
"backend/app/market/adapters/__init__.py","98ccb19672cf4624953bbceaf2106cbff5362b46c1b0183bce2c57e0166d7d37"
"backend/app/market/adapters/base.py","6343734aed477e1c32f52c5b41b144a0e2b97a970bd2ca9385befd1c0ebd3f10"
"backend/app/market/adapters/simulated.py","ea8c733923a88ddbd283c6f16b29c5a8073aa117d7cc1bd24bf9a2c932fe2470"
"backend/app/market/hub.py","361d9c7fd812bcc9b6375714cf4fd287fbafb7f0cd1b03375d814bf0d00b6eac"
"backend/app/market/live_service.py","a118024c6a24ad9d32765ea37851a94bcbe44154352dd23a3d94d01bc9a6f6aa"
"backend/app/ml/__init__.py","8ad5186be5e7896491c081a0d5a6765642e78f158eba641e14320cc57d0fb3ae"
"backend/app/ml/calibration/__init__.py","b8a4f09b82723c5982c16574b3a5ecdb6e9364794f0a3d4814550e41b456860a"
"backend/app/ml/calibration/errors.py","6166816035f0cb08572c619da2c4e5ea13856f1daa8f34516898630790e71d0e"
"backend/app/ml/calibration/service.py","5cc28c6e13a7752a28c8217eee8812a15758f09a77c09df0411e02e92a8f06dc"
"backend/app/ml/dataset/__init__.py","eed0068649ae362025bd48a921bff8c108f316869ac4c5bd7b0a538138555dd3"
"backend/app/ml/dataset/chronology_guard.py","7dbc665dc4b43f314c01d09da9a23576a47a78e4373c3daee6c15dcf03fd64cb"
"backend/app/ml/dataset/market_data_query.py","2e5c80ce700c961a1caffe276841e053a778db8253a226c162a10e24e062b0f4"
"backend/app/ml/dataset/metadata_service.py","244de870239ce5284e5fc5d04178f1c2129234391719c9acefe31b4787b083f9"
"backend/app/ml/dataset/provider_adapters.py","628226b215017f39eb7102d9a5e4dc5c5a422b206281b6fcabdd12c5b36cd5df"
"backend/app/ml/dataset/service.py","d0e5320feaca2dd39130a312548703c70fd7ac8f679d06c6ca32dbde03b02e93"
"backend/app/ml/dataset/snapshot_builder.py","b08ef4b1dec07567edbe4d153a3b18ef8838280bf2ec0a1ab6ed3f34e0b7fb9b"
"backend/app/ml/dataset/split_engine.py","7a5a53b420977ba339580488dd4c1e5b5f273872ca3dbcb34485ecab314bcd16"
"backend/app/ml/economic/__init__.py","cb24ba8a3c1950f59cf09f039c959343d878508952848a335fe759fca55ceb21"
"backend/app/ml/economic/errors.py","7d0002aed4e45615654fc3fc331b5b6330b6015fdb76ca58fc2348481f33ee30"
"backend/app/ml/economic/service.py","c49527ed12f4d2caf7f997f709f44d6e9d69e4f1c4a8eb485db83484c5c9fa13"
"backend/app/ml/experiments/__init__.py","a4ddfa39deae7f364c714a1362ed48461c837231ce2b3b0ee35c6e9204a713a9"
"backend/app/ml/experiments/errors.py","99b1ae8304082b9e144a7e6c69a5031cd11b6fc7ef9a6fd5d6ef81fa3959685b"
"backend/app/ml/experiments/service.py","60409b14adc0163661f8f81d002549fee9037261dc77ae0f84055a4b720383b5"
"backend/app/ml/features/__init__.py","593f764dea1e9614be1e9d26359b4656650b06fe71e923c2542bc098e5a82654"
"backend/app/ml/features/definitions.py","372b6d7109108c8c1d2c4951ae711dd970898b79223a76ca9a8ea497c6ada66d"
"backend/app/ml/features/errors.py","f93103c0ac3e82e66a24fb16d21938713cf371ec48241c48d9021c9280cbcfd6"
"backend/app/ml/features/store.py","83278ed008593318e97563b5db866becc85b929cfe77c58018a91d6de2403267"
"backend/app/ml/generalization/__init__.py","0c07ca5c0d5ff69408d4f6934ffd33d4f269ca5dae4065c895d70010efda147c"
"backend/app/ml/generalization/errors.py","7ced5480cdaafc774b4fc18df15c056c180629d92c81ed16470c65da8845dfa2"
"backend/app/ml/generalization/service.py","4397b4ce74056d8efc437b5b8ff7155f78f4b261e10448a56a6362cc06460c23"
"backend/app/ml/models/__init__.py","221f3c8e45d8b488c5c7d18d340e0520ebaef0122e3a1fd3cb2d1939e3bfb306"
"backend/app/ml/models/baseline.py","67e5d1e9126d3d72cc72ae01ddfd141fa2a53c6397191a14d7efb49c66b34fbe"
"backend/app/ml/models/errors.py","7f9d2d73576941217abdfe66de4047d6f0340548a5bdc53865f3d49d96b90111"
"backend/app/ml/models/harness.py","65465a3dee398a69dd77bc5e648299363a819ec59b4bbcf5889e6cb57cc7224e"
"backend/app/ml/validation/__init__.py","af40a24d6276302b3a501a641dd300a39de878739c6e54ca194fb1ce0c2fa6de"
"backend/app/ml/validation/errors.py","54b4f7415b94abe66d322a230070fee1b6a12107414aba90da0f98d2500ac975"
"backend/app/ml/validation/service.py","452bc9459139a5f82c34e53376213290b85be9a5973de6489150118246701329"
"backend/app/models/__init__.py","0a7b90bf71ff2007c5b1519d61a45fd2a843cbf2c477c5116ea6c257d9a59be0"
"backend/app/models/advisory_analytics.py","5bb7a0e9df16221d465adf5aeb98561e7bbc82c6e9058d4a27b661a15a86ea66"
"backend/app/models/advisory_signal.py","63a5a0422ebf092aa1793726c411bcb17f63fef41450c9bdd37017ba920bf979"
"backend/app/models/assistant_research_response.py","a585c8590e45ee68904759b417aeeef47bd40ad5449a239735e1cffab30821b1"
"backend/app/models/auth.py","696c99c6326c21f171bc6b26318ef028be5832951349cb6842bd190ff50ac56f"
"backend/app/models/chart_research_annotation.py","1759b491221c3abd75e443da78a5ddcf631bd4c77620c8757bf7b4efdce824d3"
"backend/app/models/correlation_report.py","3a8868913073a6f862ff4a677a9e810004aeadfacb3cf7182848dee396f948d0"
"backend/app/models/execution_experiment.py","d1358b68678184aafca3a1f07ce1e30fe47b17653b5d87676e2965423f9e38f3"
"backend/app/models/execution_risk_report.py","f7d5c207ec23185bcb975db5557e0513d8c58212163227e9984f09b9e7502eeb"
"backend/app/models/health.py","9654cf324054619a48f782af46fb9f2b1962bde7b2076ecdf12c739626708a83"
"backend/app/models/ingestion.py","ef8afcb29dcd54dd5b5a0dd817801b5582abe7e2ae5b26dd0ad9b09fab09178c"
"backend/app/models/manual_trade_journal_entry.py","7723181aca0feff1f2b8812ff3a3c475fbbaca3fa0d37805d68a7de4c8354a94"
"backend/app/models/market.py","5635378c604287af9c2985d80d88411e52f38037b9651673731d13b004fcb550"
"backend/app/models/monitoring_alert.py","50e714aaa7f8e4d1738c5ad9440e34b50cefce016d66fb1fa212e5a04933334e"
"backend/app/models/operator_workspace_preference.py","075002b10239b6c36b592dab39754bb0871006fe9cddc028ba2f5c61db48f7ea"
"backend/app/models/persistence.py","3babfff6ba76c0dbe9282109853ae46624a801f74bf53f655cc1efa5bf667ea2"
"backend/app/models/portfolio_research.py","c3dad84131cda93bec49feaef82d176e52a895a2a1e1cf52e61b6b135d161e97"
"backend/app/models/portfolio_risk_report.py","e4967181743656145331090bfbf815b636bf2f5babb5f572f3b9191f5f865f23"
"backend/app/models/regime_report.py","be41e97f910dad390ed036f3bff562265fb92b20059cdf45112957f3c536ceeb"
"backend/app/models/research_management.py","7b457a472a2c8f55260a2807e87e08bcadcf69541218de3fa4c57e7fb5c839fa"
"backend/app/models/scenario_report.py","df7a0a5f8915d52c2eea69a9c216622fb97a2d216c7a6e9464e18739421f6d5c"
"backend/app/models/signal_validation_report.py","636505f18b60cefa91cbe684af21feb60d408861596640b9ed64ad3cf608d4c0"
"backend/app/models/simulated_execution.py","881d7e078caa669a4664f287d5b0f3cb4d88d1a97e6ebad805398a076edb1230"
"backend/app/models/simulated_execution_analytics.py","cdd244e4bf5f8fe656da1b0f9a72c309a62715567632912814eaaa6a06def8c4"
"backend/app/models/simulated_paper_ledger.py","8dfb35e14816cdf8734af5c975f7e056299ec6b6bdd23cb69db6230c9d9a55f7"
"backend/app/models/system.py","64db3b846789c8690f935e9e4e7466b10d5d13e1a285be30e8a37f3701e02258"
"backend/app/models/trade_plan_note.py","dbfd7b59becd2cd5228d1c3971f6aab32fcbb6ee2a4e82c9b8e858b61cda872d"
"backend/app/repositories/__init__.py","0f83a0234d9402dba41abaa817a7013ff40d7e2ddb5e9c992e2ff44d7c25cb13"
"backend/app/repositories/audit_repository.py","28ae438f59c27927740f7892da1d35fc19558c30883c93a4f141a20b831f0461"
"backend/app/repositories/base.py","cb760de6084acdde6626e4cd7a4018e43ac229b6288b6b83314fed10caca2e42"
"backend/app/repositories/candle_repository.py","670e38a5dacd7db772a6c3f55f8252ac9462ce0998f89425dd26a1578a748525"
"backend/app/repositories/feature_repository.py","fd5fee781b2fcefebb02c5c57410304da77bb00dbfe70890c758dff49e442233"
"backend/app/repositories/ingestion_run_repository.py","5dbd4e245e53787febf1ec6a67b6d0dab315e7f2064afc1348710fdc71766c76"
"backend/app/repositories/model_artifact_repository.py","54b38f5e596405ff068fc877fa7450c4db6bb053083901116f2f1096da491139"
"backend/app/repositories/operator_repository.py","935d2907717f6b6842e429147f1e5e0c287ff7f1285d3b4e4250c71fed182b78"
"backend/app/services/__init__.py","23814a2e7aedaaab766363be21e7a75043e1e962ff580af645ddb51ef80a0de3"
"backend/app/services/candle_service.py","2474611a3b6ebd6d466cc6a468bbcd7554ac300e70cf8aeabcbe9dd1e5d1e136"
"backend/app/services/chart_seed_service.py","4a1a62fc0d0ed0144547d6aec2637a2efb840b1315c1c450c05f75621d6b6fd7"
"backend/app/services/database_health.py","3010a477796e1f68e5ed8e59ed70d5ff1768aa1e0e8034d292c40adc72e2904b"
"backend/app/services/health_service.py","9cc6c5ef9d2b82d17a64208522310568db91119a046cac4ca49fa142821d9fed"
"backend/app/services/observability_service.py","43215f18fd9f7aebc536021c4b162697364d4feb6ade11197f1df34463218870"
"backend/app/services/persistence_service.py","5e7bc59713d589aed7aebf0c7eb7e1e56be67250b4e1f2b53038f57baa71a168"
"backend/app/services/system_service.py","f46329c4779226cc2915a8e43227e6f73cd59c9650da28d1b0aff9390f4e94a5"
"backend/app/trading_intelligence/__init__.py","741ab05765f1ace1f39f31a613aee9c0b1cf384c20894c29e7b14e619988ef7c"
"backend/app/trading_intelligence/analytics/__init__.py","24e4f725b7e455ad83098dfbf2ca93a8023ab9994044de7cb9be5e1a5094232c"
"backend/app/trading_intelligence/analytics/service.py","20191c4318efc2eaf2ae7e2fc7c28820761d9b7522b154570e49f1c0da65be7b"
"backend/app/trading_intelligence/inference/__init__.py","cc1f71ad37b6549bbe79b71f554917d20f973e0a9a462430691ce547e5e6b3e0"
"backend/app/trading_intelligence/inference/errors.py","92d7db298b2b7c6417be489aa0938441dc74ea181e631a3a083cdc2193282239"
"backend/app/trading_intelligence/inference/service.py","2b7e6da0b1ae2a14398408d0c80ae7d82a605af0100e301be60d6d70e77d0179"
"backend/app/trading_intelligence/live_market/__init__.py","069224991fabd66268c2c3d310833ac1fcf28a6650f37f7ab8451d2bdb5746b7"
"backend/app/trading_intelligence/live_market/adapter.py","b608f5dabead41dc5ba07c4e8da050ed3ea45e28bba10d0a86b3d6a3541f4a97"
"backend/app/trading_intelligence/live_market/errors.py","93d4c2154dc4730115f0b4a8c40de4e2f3834a61007055d192782dad89afd730"
"backend/app/trading_intelligence/monitoring/__init__.py","ba0bbcb609fbcdc7a15f5331e5158758c8ea073d4d35b67e427f6c474084ad1c"
"backend/app/trading_intelligence/monitoring/errors.py","8f2e7443188eaa9625633626079acf8b3708fcd23ae27e789f3cb5ee738a11a9"
"backend/app/trading_intelligence/monitoring/service.py","e16e64fff0b5137718f9d7f74d37801738935f03eb49ae7e44b0ae5303e23006"
"backend/app/trading_intelligence/signals/__init__.py","ec0f9591dca7326b2173c6e919f36adc5a4ada59857c2b160d19824cec574a0f"
"backend/app/trading_intelligence/signals/errors.py","e8a140d63f5eb822117196df498e4347755fe307cd8b18640243f98191341752"
"backend/app/trading_intelligence/signals/service.py","d40c23b9f1773a0c1e51e5e98298cb9d4d9aa06ed62077f58aa5dd7a21c4874c"
"backend/axiom_backend.egg-info/dependency_links.txt","01ba4719c80b6fe911b091a7c05124b64eeece964e09c058ef8f9805daca546b"
"backend/axiom_backend.egg-info/PKG-INFO","a07ae9e9e54164a4edb2dbdfff1a8ff7281f4455349fe616cfdd587b27fed39b"
"backend/axiom_backend.egg-info/requires.txt","e78f655fa62d6cb8ad17418e2e69fb6b5ccf574e3979f1dc676f709a8356ad85"
"backend/axiom_backend.egg-info/SOURCES.txt","ebe5213187550ac5f6bf266351dd8a099a7d4ff040e8e8b562a95bf5610272e4"
"backend/axiom_backend.egg-info/top_level.txt","8a8f60ecb09b7e64c6d5214a8043865e608507db8c3f61f995eae6d078875901"
"backend/axiom_dev.db","e3b0c44298fc1c149afbf4c8996fb92427ae41e4649b934ca495991b7852b855"
"backend/axiom_dev.db.backup","561b275800ab2b677d7c643e65fe2de2b18cee2e9b4840036a2fc2aebc5e4a98"
"backend/Dockerfile","e3ae09f73a4906b2112d5a61e2f62719bd703b2e667f0092014961500cca341c"
"backend/docs/evidence/W7-U02_A_READ_A_PREF.json","96a10c4a87c4900df662cd1a6f6518ca4c99d5975a6149e63c352f76d3be8f47"
"backend/docs/evidence/W7-U02_B_PREF_LIST.json","cfec9feffbcc0dabaa0f92491e3609eeb1e9bc8d17625cd7f043be03b609c812"
"backend/docs/evidence/W7-U02_B_READ_A_PREF.json","96a10c4a87c4900df662cd1a6f6518ca4c99d5975a6149e63c352f76d3be8f47"
"backend/docs/evidence/W7-U02_B_WRITE_A_PREF.json","83c09ba9a8daedb136f90b17a294caa90ad471a016e430df6e229acb5a81e100"
"backend/pyproject.toml","ba22affe92ba21ea880446fd9b8593dd312eede4822a8fd8d3250d4550fb5227"
"backend/README.md","79d2fabfe92a62d290c3694676313a83e1346d5181f79f2184e3b100486adf9d"
"backend/requirements.txt","22a9202c7e632bb252cb383a8ba0df4788fd69fe31f461c3f66ec80b16d21d13"
"backend/sample_data/btcusd_h1_sample.csv","cad4db350ba64537083d39925d8d7b766c5e5ab3211319650dbc5678d323c9fc"
"backend/sample_data/eurusd_h1_sample.csv","d2edbb1f5699a04105363d08bd712ab8b3cba50f98fd54cf863e59f6a4ba4cf0"
"backend/server_redaction.log","e6b2b0c90ca81fd5166f5ccf0361ddc960037db78a0c186d0ad0607502455ceb"
"backend/tests/__init__.py","98ac779ee447640914baa754565e62e2bab82a71ec806d665edfa1fc7afabac6"
"backend/tests/conftest.py","9ab46b9c005d3a1adf7deb57457b7f1e6c0e782dd75ad5909cbdc9d360553e8c"
"backend/tests/fixtures/invalid_rows_sample.csv","7d095684f26ca74008be9bf3bbdc8af3f91445d81475cc176d028ec4ad415171"
"backend/tests/test_advisory_analytics.py","95648478ffe69d1a367e022d496b16998a539f2eeb4803935bbe0801f2c72431"
"backend/tests/test_advisory_signals.py","488ba6c2a6435248846f013332b6403d3737097b5fc2e5434c60daca76b12c35"
"backend/tests/test_api_catalogue.py","d60cb4eb519a45d4a4cabaaa067c87227585abab260b4660bf3b0a931ddd0bfb"
"backend/tests/test_assistant_research_responses.py","ae136cdb93064ad0598d4e68764adf2406b6a075a9955f6389490bcd834ada83"
"backend/tests/test_auth.py","ea89bdf2347846d679027f7a2030e643eb00c01ac003c3b39931a11a87daa97d"
"backend/tests/test_broker_integration.py","a766eee6ac29eaae051cd4d99a48f0c64d3bbf996e7199c2b58da053ade2426a"
"backend/tests/test_calibration.py","092b9629983a45973fadf0bb310ff034ad32e5e22bed220597643cd54f34231a"
"backend/tests/test_chart_history.py","5ac5ce8ea86a2e08ae05bf729e337a17c368457657c9a3a0062d27c1eecdc04c"
"backend/tests/test_chart_research_annotations.py","7f9e1d57c843faf2e5f328f3f79375947d31433d6413d4d354cfd461dce2e240"
"backend/tests/test_collaboration_safety.py","05910448de5f169ecf7139794a244b4e2174e58582b1d34d7c63b7d62ff3691b"
"backend/tests/test_config.py","1b84c06924d8c0419a4bf04284e6493265fa249abec6d1e90e7b7c87fde7ac71"
"backend/tests/test_correlation_reports.py","114acd25c623ab5572b7db7282bc4d464e08976264d463b6fdb6c092c41ce18e"
"backend/tests/test_csv_loader.py","0c295f41e18472c6a105ee099aa68def9ec0e45a122798cb569c647ed7c18aa7"
"backend/tests/test_economic_validation.py","462790dcdd466961d30050faed3bf3c1279dc8d01ab36e169f7ba48699bd07f1"
"backend/tests/test_endpoint_auth.py","ae11707e0696dfeb42925a14f8c449e891078caed13cf1bf834f54d73cea9dad"
"backend/tests/test_enterprise_readiness.py","e5a49004bc849ad90d613c980bd6b039bb7ff61efe41844db3bcfa7760d886a5"
"backend/tests/test_execution_experiments.py","ef7bf33bd7511cc7301afe3d92a2425183847a4cf41a4e7f00f02461cf3671ba"
"backend/tests/test_execution_research_safety.py","95d9faacb35eed6517874ced649fd44c92132ae0ac898047391063b43ca7ff3d"
"backend/tests/test_execution_risk_reports.py","1b0f6b50f58c999a516d7a88c66234aa0c8fd2e6af5d919288b11d0256f92df3"
"backend/tests/test_experiment_registry.py","c3972cf17c13b7bceeae4c69d7e1c3cac7678d472e10d228010813fc2ac0e765"
"backend/tests/test_feature_store.py","19c2183d9bb41c995c884061cdb2b2a8987f4e1e021ea66fa0cc04bdf67e5010"
"backend/tests/test_generalization_drift.py","bacd0eaabd5609d15096ecc1342e8028572052aacd95678d9e66749c85628f14"
"backend/tests/test_hardening.py","c01f4083ebc8499724a28dc17b5219a666b7ffb28a8c8676eb60bc924b86986f"
"backend/tests/test_health.py","99d0f3160a5e2b5a4bb99982ebd2898dac70ab1d80f5cdcc0ae507cf867ed74b"
"backend/tests/test_health_service.py","76cbeec3030ceb79d906202eb5985deeac5ac1fc67bc9d6e71439cdbfe84fc9b"
"backend/tests/test_ingestion_api.py","5261848e9c296221d7c98d27d1efa523842b3de25d0dc8f87b39efbd3a9e4327"
"backend/tests/test_ingestion_service.py","3a3e39db02c2266e21d35fe4c9bdece14aff19bd49496786e3e9cf0016b5d986"
"backend/tests/test_institutional_intelligence_foundation.py","e4e3967d7a86ea37b52899912a3ec2a2737d0b5ceb412887e102c962975bb8f0"
"backend/tests/test_institutional_platform_security.py","5a3578fedf0c104e140ab787732a7d8f535fc2d8542bf79788b7689b4c12da9b"
"backend/tests/test_live_inference_gate.py","96efd1eab3393b05234677ffbb1a99d02a8554dadc653258aced51722a7b2d24"
"backend/tests/test_live_market.py","f896ea02441b7741c4b23a01328915751c804a6d121aaa6b3dcadeda40c191d8"
"backend/tests/test_live_market_inference_adapter.py","3f2dd7cb6b0842b705cdb3e4764ab5ea9d4d4059fa1642545e6f7766a8f9e6c9"
"backend/tests/test_manual_trade_journal_entries.py","43ccc8c4a76775bfefd4f0f3fb26597f8e3a108bc8908ed73a4182738485e40f"
"backend/tests/test_market_agnostic_access.py","f4d90f56f11ce0d07fc056b8f866cc1780a1825d1c7393ec8a4bd08beb2c52e7"
"backend/tests/test_ml_dataset_architecture.py","6dcf29bc902016a6caf9ed1bb8a9826c50874080a70dd385f2f41d41f2c35519"
"backend/tests/test_model_harness.py","64d17794d4ee37ecdbaabd725c45179ac5d75fc0204ffd42cc9930078c555e94"
"backend/tests/test_monitoring_alerts.py","e5eb29f13bdbec46b49d94138f76bb66894a1b2c8c5a988ea8744c1bdbbb12cc"
"backend/tests/test_normalize.py","83a955ba50392fbe5d4938a5bd5881187aaff273af9a8ca0a96cac6e7332ad5c"
"backend/tests/test_observability.py","123c94938b26704a3ab0b6889b9f4a498da77a8c71e9da8e40541ecd6f7b3b6c"
"backend/tests/test_persistence_api.py","40d6108ade2daa4df43200f40bd016eca8a3f319ac9c57d4a83c86176c7b09b1"
"backend/tests/test_plugin_contracts.py","47617ac286468f7ca335cc9c37a484940e5a88b854c6e6e77950154162f7ae47"
"backend/tests/test_portfolio_research.py","87755da87508219c1c3ab96d23bc4c01f8f8a6c07de4b750ba3cbf3c4f51879f"
"backend/tests/test_portfolio_risk_reports.py","82aae6ce66448931ef46f0442bfc3d00438b64cfc363d00e74e9491353df5901"
"backend/tests/test_regime_reports.py","1c799fba31ddd960b2c07129de98cccde2938868c420caa6fb98adcb1dab9391"
"backend/tests/test_repositories.py","06f34b60696970a41a7a65f7f2ed53675a5eec3eb5105c2ab7d6a9ded6db7a11"
"backend/tests/test_research_management.py","ddf40760e970ed4ebe05a4016c6fa024b79879e8a340507d3d74aa19b470b13e"
"backend/tests/test_scenario_comparison_workspace.py","2ff0e0d4f5c4275b84aeda16b4994e900e52c47bfa1bd66b0fa2c7e260245822"
"backend/tests/test_scenario_reports.py","a89f96764f5cbf94c619dd7d584c6eedb8d58e87a14cc0f5b9072ce207777d30"
"backend/tests/test_signal_guardrails.py","e043f1b146c7428596a6c7d9243454b820980ff1f4b91660872166ae6ce9576c"
"backend/tests/test_signal_investigation_workspace.py","d27596d4f077cb0782839aaec3e36946dc780cebc67d11b167552b5c862799a9"
"backend/tests/test_signal_validation_reports.py","0b986e9545d77e69357dee77ca7b9121d681b7b77fcb3e9288660229a8edc400"
"backend/tests/test_simulated_execution.py","4a3df79bf141d0bc8248b0da589f99f0ef4da0604dcdd207328f6f1f6ecbae50"
"backend/tests/test_simulated_execution_analytics.py","d2787b7cea5498787497abbec56e9c081f35955c59f7f5b81a8fa03294a1b9df"
"backend/tests/test_simulated_paper_ledger.py","cd0934ba6bbeae209385cfea08d81d9c9df04113efcf647a28198901a932bb2f"
"backend/tests/test_snapshot_builder_split.py","255377abb7c21d28a2e9f23baa50c2fc6c3ef14498d4f4fd4f165059d36791be"
"backend/tests/test_statistical_validation.py","0dce8b57d73a06e4d6276255cd8a359812fbe7d4c52703aa4a29ea1f49863f8e"
"backend/tests/test_system.py","f29a03241e3aa878d8394ee378043fa8c441b5d8d63604b081d99b281ccccb9a"
"backend/tests/test_time_utc.py","f460c815a40bfbf811a257a81fee70493c714cfade55638f50593aff3fa5680b"
"backend/tests/test_trade_plan_notes.py","11d6e76ac0fdae5bdfa986ae8719f78532067153012973637366016b3f463280"
"backend/tests/test_ui_shell_preferences.py","d7b4d700cde8c3dd8962b457310302090021d4cbe15a71aa191a99a61a17c0a6"
"backend/tests/test_wave6_closeout.py","a71c862683a98f0cf39abe9a497be16ac79cfe0955f6a23dc7f7a4b707decadd"
"backend/tests/test_wave7_closeout.py","7c577f13c413b2db28dd2b17e32216bafbe4c1ecec8b8e3b1e4fa8654db21004"
"backend/tests/test_websocket.py","d65d6f5ec82d8aa5e3665c2e0895a9592a84f9b78595c9d899eaf6f2cd9cab31"
"backend/tests/test_workspace_preferences.py","dff15d7df49ea30e94b7ad850d53ef4d72ec57a0184bca1ad86e8f2133e62786"
"backend/tests/test_ws_ticket_e2e.py","3164521461fec2c917a4d99e327b145caf4d4ee2c6f645fe965befcdfcb67214"
"docs/adr/ADR-000_TEMPLATE.md","28d2c2860268451ab6810c34503f5ef6834cd32d78fc3291030e4ed2fd685945"
"docs/adr/ADR-001_Monorepo_Layout.md","664c7cdc32dd026ca8805fdfbcac0eda3ea0a09978b33b0fac4d1f30720791d9"
"docs/adr/ADR-002_Config_And_Observability.md","8d2c533e983f8ef0e02b286dc6e09f52cdd2876a8028afd931d07916f3deefd2"
"docs/adr/ADR-003_Database_Technology.md","903ca3d6cbd5444b2166631549aeb7f91eddc77d91a8687fd3c6c46a2af6cedd"
"docs/adr/ADR-004_Repository_Pattern.md","3de60e6bcff82720db54a4afd9ae988981ede84799b927279912ee1661dbfc4b"
"docs/adr/ADR-005_Market_Data_Ingestion_Architecture.md","56b0137c3d71f74378a43000313fd67a981519b2de834764beb0ee3fe772692c"
"docs/adr/ADR-006_Data_Validation_Deduplication.md","eb45f3fd36c1fb7bac9db867baf6e12087ee092963af6cb506de7d07701e22b5"
"docs/adr/ADR-007_JWT_Authentication_Strategy.md","285a48f5d2e0cd3d02ca090e574e3c31c63d8212e7cf5ee319587f24c79bafe9"
"docs/adr/ADR-008_Operator_Identity_Session.md","7dfe1c07fcd98bacbb36e05ef8e8b4f056426c373ed6a2727f5d55750994b894"
"docs/adr/ADR-009_Live_Market_Adapter_Architecture.md","9f38a3e98e0d61f15059dfbb9c35eaa89e6185acce51045816aca30d4e8b2a3d"
"docs/adr/ADR-010_Live_Historical_Unification.md","d7a8cc5455e01a6487c7b3ab284d41f6325cba8c349e623267b036cc8661d843"
"docs/adr/ADR-011_Frontend_Live_WebSocket.md","7a39d297f56ef53880708edc448b417f108c5530a0a4ca819c71219b34b2fd7a"
"docs/adr/ADR-012_Realtime_Dashboard_UX.md","dda8572f1f2376e58b126d8a1d92ecef082cc4f3c6f1f23e22c1f8c7b73d718b"
"docs/adr/ADR-013_Charting_Engine.md","026d7a91ef06680a2279952838f20874d2fe673a282e3726f0c6db76e5dcef03"
"docs/adr/ADR-014_Live_Chart_Update_Strategy.md","dcaaddf88d3f078d4c63711b0892d07c400bd450132a935c18041474640ad9e5"
"docs/adr/ADR-015_API_Authorization_Breadth.md","ccdabdbd93fde70c1c774fd2129334671f8b9b165f41dcab95f1433c5f66e8c7"
"docs/adr/ADR-016_Persistence_Service_Boundary.md","2bbf6605f9e7e6caed247bd21028752ec79c36d02b437547b29449e0133e818f"
"docs/adr/ADR-017_Observability_Service.md","4f4db906e0813b9b2e6767faea0818f31001459cd4d861097e3f66541beb7387"
"docs/adr/ADR-018_CI_Gate_Consolidation.md","3628d24ed892cf6810505644772f8b0b7148d06793a0a5fb6fa3359c443f7b5c"
"docs/adr/ADR-019_Broker_Integration_Framework.md","9e67466291b0d2c0a97d0355d5cf36d6c2f368ea236c0bf1c74f7edc893c80aa"
"docs/adr/ADR-020_Dataset_Snapshot_Architecture.md","cd4956585fba60a6ae105e1098244fe07c4fd23e37fee3ceb57bc4f260b8240c"
"docs/adr/ADR-021_Chronology_Guard_Contract.md","cd6bab8f8a60b983e198686dc4be0704369f1d7c87fe04307f017022e82471a4"
"docs/adr/ADR-022_Market_Agnostic_Data_Access_Contract.md","70577a09ed0b0353a103bebf40566fcf7d19f5346bd3f82dbf01082e81f89cff"
"docs/adr/ADR-023_Feature_Store_And_Causal_Features.md","fe10c5a32341a7280a3a782d47b6044dc2d9e999ea6675537c5fe7a427cab376"
"docs/adr/ADR-024_Temporal_Split_And_Snapshot_Reproducibility.md","53369f0842491304012413702a1b63fabcd2dc69c3f3eca9157f21e7e603a82f"
"docs/adr/ADR-025_Experiment_Registry_PreRegistration.md","0c5e754bec9b8a22963c0bafffa65c599d93a29b876676da2efcfa6d9c29b3c7"
"docs/adr/ADR-026_Baseline_Model_Harness.md","21997e57c3ba2fd6d11e8e5f786b0362e7e2fd0065a6c152ebc3de2a3f17001c"
"docs/adr/ADR-027_Statistical_Validation_Framework.md","353153df9b6191e1d1d849dfea5f9ad4cea2949e015e9532b5dc51db76155a2e"
"docs/adr/ADR-028_Calibration_Probability_Quality.md","c441ff7c2bb5e277b90b4eeed54bdbe4d7e54e9016e4e8cf2676b35b318e6b35"
"docs/adr/ADR-029_Economic_Validation_Framework.md","e0d1ef96b62b3832634e5b040ffa4e93f3304b9b3ab507490121692e200323a2"
"docs/adr/ADR-030_Generalization_Model_Registry_Drift.md","810af20192a1a984aa17e6f97ef3697b9009409575569c276478cb54fdd0198f"
"docs/adr/ADR-031_Live_Inference_Eligibility_Gate.md","e13ca8444db6ad56f30bc187d18c78eba82d37a8b9ebe87c5ec8cdccb9189433"
"docs/adr/ADR-032_Advisory_Signal_Contract_Persistence.md","9b1e3d5bf0d975be502c66e58058f5ac73417d0b7cd5757fcf3857a7ca5cb1bd"
"docs/adr/ADR-033_Signal_Emit_Time_Guardrails_Staleness.md","1bff3674085811deca055b7e3fa6b840c27aa0ec278f917ac684a69c44ac2e7b"
"docs/adr/ADR-034_Live_Market_Inference_Adapter.md","cc5d2bb9ab4734f6854fa35fdbbdddb517fe866395d3eaf5503bbd2544a4a074"
"docs/adr/ADR-035_Advisory_Dashboard_UX.md","42c7365e5ae29b8819909086e7b72ecbeba4a1b608ef5ef3cdb4a401ac551e68"
"docs/adr/ADR-036_Monitoring_Drift_Alert_Policy.md","d76a0848a588e4e93e6c6ccbbd48d483935465e4fdf41e7fe3165d10a84fa720"
"docs/adr/ADR-037_Performance_Analytics_Confidence_Visualization.md","4b8990725e6db401cac08045a8f1cdaffa92dc56d99e29cf32b0c79571d1d9f5"
"docs/adr/ADR-038_Wave3_Closeout_and_Hardening.md","9391f51c60d0dfbb69f5154a1cced1defd31b5a8d2aba6ee30631fe76fa8b34b"
"docs/adr/ADR-039_SQLite_StaticPool_Test_Harness_Hardening.md","27ca099d732fcaa4a8b0ab1044581de36859cb5a60d4ba1def885b7cad0a7bc8"
"docs/adr/ADR-040_Wave4_Institutional_Intelligence_Foundation.md","4ca229e45b299f8fb76a38cac4201f3ee591abf2f09df091dc1d9eda27bfbb8e"
"docs/adr/ADR-041_Correlation_Intelligence_Reports.md","39982ca51bfed2de6ac758fd05f867c444a89ae5d9fc8e5ff9b71fe7da085b47"
"docs/adr/ADR-042_Regime_Detection_Reports.md","3fd8ddd11b14e211727adec3bc046e8879a89f42a29b870551b2f0790bb3918e"
"docs/adr/ADR-043_Scenario_Simulation_Reports.md","1aec243a5cf353bbdf3ff415711e699bcb1013f0e9af4fc280835a7f2b0da9e7"
"docs/adr/ADR-044_Portfolio_Risk_Research_Reports.md","51055acb6037a644042e6c306340ce2825974768080f719df5dd679286b5e73d"
"docs/adr/ADR-045_Professional_Signal_Validation_Reports.md","ad7b954ec66fb8aaed686efcd6fbad6f917ed8e40dd2b9aa1cffb22cf80003b9"
"docs/adr/ADR-046_Institutional_Intelligence_Dashboard.md","ce5cb9827a09d49856900637bc9923903eb8c18637ca72d2624b92c10087c637"
"docs/adr/ADR-047_Wave4_Closeout_and_Hardening.md","80e988dd71ad2a31f0471a334564033bd035480b040f03d3b68d6a4b2bbef717"
"docs/adr/ADR-048_Collaboration_Safety_Foundation.md","1a63d5d6dff7883ba250817a564b1e58fe08f4c4bbd32ee53bc7ac7cf5a75406"
"docs/adr/ADR-049_Audited_Assistant_Research_Responses.md","47be1f34b9bbebfac0b5a8ff47af42853a47ee921bc24dba9194f3c702bbaa99"
"docs/adr/ADR-050_Chart_Research_Annotations_and_Drawings.md","6459a1dd490aa07a0e5be0de6695700bafb7a8eba2c0451ea2ccfb9e106a53cb"
"docs/adr/ADR-051_Signal_Investigation_Workspace.md","34f22cc8dde9449160aa61be013f1c10bd76930116d8f9cac6e3486e6ff41722"
"docs/adr/ADR-052_Scenario_Comparison_Workspace.md","c32185e9b43afd8e4e9c5e82ffec6fc19d5c26ddcf6f666db529635683a4e31a"
"docs/adr/ADR-053_Inert_Trade_Planning_Workspace.md","5d280f3ff9ef15ae3a605789ea8d8fdfbe72a9a4e9a6f646b37f6a2dd73e0fab"
"docs/adr/ADR-054_Manual_Research_Journal.md","8bf74378bd0f840762c08448f536b00c81886b4cf56dbcd146de8d98ab93dc0c"
"docs/adr/ADR-055_Wave5_Closeout_and_Hardening.md","cd27b82bc7b1b4fa3f6581af4542b8d191f26dacec71a63391df94be6e26cc1f"
"docs/adr/ADR-056_Execution_Research_Safety_Foundation.md","3119babf9b8b73b21879a2753ff5e51085efef0a77008260cb88a8552921ecf7"
"docs/adr/ADR-057_Simulated_Execution_Runs_and_Fill_Events.md","38993d903522e6ca6f3447a88bd315c3baebfe0677701f5c04767f7be0f745d2"
"docs/adr/ADR-058_Simulated_Paper_Research_Ledger.md","6e2d1d6589cc9b3cb51fed824f271aa35592ced9bb68c838a83331ad236a8b01"
"docs/adr/ADR-059_Execution_Risk_Research_Reports.md","4cf90a666d763de227c49f52441a0e28659983857aa9254337e561da8a9c2e3d"
"docs/adr/ADR-060_Trade_Replay_and_Execution_Experiment_PreRegistration.md","4edd583a3b7d7553e75f80a237170496681a872d9919edc5688caefa26603f9b"
"docs/adr/ADR-061_Simulated_Execution_Analytics_Reports.md","6f2e687b7ca5a8e633f18bd74c9b616ce86413858f88f959baf5974dc222c884"
"docs/adr/ADR-062_Execution_Research_Workspace_UI.md","2c064222b59d2fdc267eef80db01bff0bb319e56bf0fa001a5ae74d863b99e8d"
"docs/adr/ADR-063_Wave6_Closeout_and_Hardening.md","17cae2f9739c9dca1407def94093728d2ec91757243e0249e715aee75bc162e3"
"docs/adr/ADR-064_Institutional_Platform_Security_API_Foundation.md","162baca26195f03684e50871a0e78aab3f19eaeee39593c2289bba5d58e2d51f"
"docs/adr/ADR-065_Operator_Workspace_Customization.md","db35726a4f55811c0b3eaf45d9f6a04ad71b7b0182299df477e9bfae5545c5db"
"docs/adr/ADR-066_Research_Management_Collections_and_Tags.md","4f63db999ca5e5611a288f8689cfb72a104bd4f9fa94eab73628c5b6a46138f7"
"docs/adr/ADR-067_API_Ecosystem_Catalogue_and_Research_API_Hardening.md","a6134bbf88dbdb305cb72b966fc7091f0ca1ab73a91a7cbc1ffc9318f1e354b4"
"docs/adr/ADR-068_Plugin_Contract_Safety_Foundation.md","c217f0edbfc12a55ce733e83dbd9b48ada8eafff81bb1b4da4e5326e8f54852e"
"docs/adr/ADR-069_Portfolio_Research_Dashboard_and_Advanced_Reporting.md","fd732cdc19318b2b35041ed853d126a2a4ed15fdf009b601a1c6d6856c7856e6"
"docs/adr/ADR-070_Enterprise_Scalability_and_Multi_User_Readiness_Hardening.md","83f97be2466c1ed05b02f6240e7c166b2793d40213d85a270ee2782b9fd5efe1"
"docs/adr/ADR-071_Wave7_Closeout_and_Whole_Project_Completion_Checkpoint.md","ba2a750dc4b1f48fab674be390b0d1a1fa161ff70d987d7627a2553f5c56f3cb"
"docs/adr/EDR-001_ARCHITECTURE_MERGE.md","a5a91d6a6b27a708622db33f65236953d7ca785a95a7982953c8dd912fcc518d"
"docs/api/ENDPOINT_AUTH_INVENTORY_W1-U01.md","6925b8cadeb52f09829edfdb7a0cb8fa7db2a10963185a841684ca4082432030"
"docs/api/OBSERVABILITY_W1-U02.md","ab4455d0b096714d71d0c0fcde280807a515912fa6ae0b49c5f23eec89520a8d"
"docs/auth/SETUP.md","d4661e6d65a9b0cdd93ea3726b4f6eb7beeff041f347425c9789e03f739ecdff"
"docs/build-orders/BUILD_ORDER_INTAKE_TD-AXIOM-GIT-PROVENANCE-REMEDIATION.md","956b452885bf9e32c11bdf608951dc9950996fa8373133193fa4d9900fda9899"
"docs/build-orders/BUILD_ORDER_INTAKE_TD-UI-POSTCSS-HIGH-REMEDIATION.md","2ddce470324e2a16780bb6e9ca7b819de4bd63ea8a5a965e1174c69c7129f4f1"
"docs/build-orders/BUILD_ORDER_INTAKE_UI-001-P01.md","c24926bf1d22982a8f4373b86ba0ecb087f97d74d775dcf66860586e3133ece4"
"docs/build-orders/BUILD_ORDER_INTAKE_UI-001-P02.md","aadaff465d6277fac3700614f3616c96b8031f322275a67a3162a5b5eefdafa2"
"docs/build-orders/BUILD_ORDER_INTAKE_UI-001-P03.md","b75ca06ccaf4a97103072c844618a8a7e2356b35a1fd60d22a6e27889746b6dd"
"docs/build-orders/BUILD_ORDER_INTAKE_UI-001-P03_BLOCKED.md","61010bfd65e5040f1f576f9285d429b895ac2e9d92eafa83e875b02c13e071d9"
"docs/build-orders/BUILD_ORDER_INTAKE_UI-001-P04.md","e367c206ffb984cb7bc8a134397f481853314c6dca1127948b498981451b8a80"
"docs/build-orders/BUILD_ORDER_INTAKE_UI-001-P05.md","ed86eeed0e563a073aa359d99a16ca2add7343d8bf41b174bfaf3e7715a1f911"
"docs/build-orders/BUILD_ORDER_INTAKE_UI-001-P06.md","28e9d3a984aff8337ad35ca98ee5145feaba5e572de6d8f58190a7d72f6a8bd3"
"docs/build-orders/BUILD_ORDER_INTAKE_UI-002-P01.md","d95853e24526ba4a86e46b02d9852f5ab303cb62d6e1f28b9ccafc6c35cc8f14"
"docs/build-orders/BUILD_ORDER_INTAKE_UI-002-P02.md","9a6b4df67983913fd37685eac95e442346708113f3a51192a9382d5b2ee581d7"
"docs/build-orders/BUILD_ORDER_INTAKE_UI-002-P03.md","c40739d88d917fc64f9e0835cfcc6c2417075373a72e6d94cb76f52e1bf1b0dc"
"docs/build-orders/BUILD_ORDER_INTAKE_UI-002-P04.md","61a80a7bd3d87d6384db1b29a4058040f29c00031afc3b3af2d93072b800bf8d"
"docs/build-orders/BUILD_ORDER_INTAKE_UI-002-P05.md","ef0533dd1e8110a39c5d4ea7f9d3ed354b5d6014121125b23873b32defcde98d"
"docs/build-orders/BUILD_ORDER_INTAKE_UI-003-P01.md","ed05bf6437a38a129c7af4211e30e1aeb0a8d23d0464e6b1c27d14af3373a80e"
"docs/build-orders/BUILD_ORDER_INTAKE_UI-003-P02.md","c1a32324333f61be74bac07594cfe8689f70c782751014e59cfd06bbb8e50a3e"
"docs/build-orders/BUILD_ORDER_INTAKE_UI-003-P03.md","08ca967c5a1a953843271df5557a44e36fef2696856c9e9ad44eb7b02216cfcd"
"docs/build-orders/BUILD_ORDER_INTAKE_UI-003-P05.md","89d98a7aea2aca15d83aea1667b629ade4f07b455fb92bd9aeab2de7d5da2123"
"docs/build-orders/BUILD_ORDER_INTAKE_UI-004-P01.md","ad0a70b0167536780587e97a1182a7aff0c98f91567b8d0bcd684e477b32b0ec"
"docs/build-orders/BUILD_ORDER_INTAKE_UI-004-P02.md","6b9be7a7e69d89b44418af14833c5ef39534a30fbfb85d23928b337fee876705"
"docs/build-orders/BUILD_ORDER_INTAKE_UI-004-P02b.md","8528eea4495c0c0dd9a4806994554604d54dfbaa1ee8a1b0fcbb299163fac933"
"docs/build-orders/BUILD_ORDER_INTAKE_UI-004-P03.md","6ac513bdae8b2f26dcacc2bbec0a766cbbf652093f4107c7a70877c22811a38e"
"docs/build-orders/BUILD_ORDER_INTAKE_UI-004-P04.md","559afa54a0888a93d582f9202439b366bf08e0ad65fea9f2aa767ffb4bc1e268"
"docs/build-orders/BUILD_ORDER_INTAKE_UI-004-P05.md","0e9e32d76d1ee6559ec1aaaba1550475ba38426a683abca58874cbd9081893cb"
"docs/build-orders/BUILD_ORDER_INTAKE_UI-004-P06.md","327d244f9a108233da1cd8de5cc3c8534d8000eae47bd9022691d425e702c110"
"docs/build-orders/BUILD_ORDER_INTAKE_UI-005-P01.md","b46bcf5f621b310d59ba08c28bd92b80fb75346de2c87a6ad3c4c5facde84062"
"docs/build-orders/BUILD_ORDER_INTAKE_UI-005-P02.md","b5dd352c7a19cfa262524fdab8f1eed7e7c74e7e89c61bcb8997919ddfd0cff0"
"docs/build-orders/BUILD_ORDER_INTAKE_UI-005-P03.md","32a6b32cb0846ad7af2752eb26a77ba7724ea026ebcbd0278892684025e36073"
"docs/build-orders/BUILD_ORDER_INTAKE_UI-005-P04.md","08405d61083e0a6721dbb74a76f08fc00352a91889374fadfe33c006d1f57e71"
"docs/build-orders/BUILD_ORDER_INTAKE_UI-005-P05.md","38a4fab0fa6586d53cea67ff4bc58f1849e09eb1fa50d88639ce2e514879aa2a"
"docs/build-orders/BUILD_ORDER_INTAKE_UI-005-P06.md","4f085bc430e2f9b7e70c5ee20539ca1d86c739ab911cf8d12c8203627d301c9e"
"docs/build-orders/BUILD_ORDER_INTAKE_UI-006-P01.md","5d76f7172dd37f8a9d64d71953ee3b72139dc6d1c93d0da27b7b9266aa098519"
"docs/build-orders/BUILD_ORDER_INTAKE_UI-006-P02.md","877584900236c1b044a33f0ba99c7c1271d46fbab345ebdd13f8b4aaf5e2f439"
"docs/build-orders/BUILD_ORDER_INTAKE_UI-006-P03.md","851ec6506352e3ce4685ce84742fdf733e5078a854e152183fcb05d9a6e4aa72"
"docs/build-orders/BUILD_ORDER_INTAKE_UI-006-P05.md","083d3681bfdd2b3d70a33e7dae11b48170b07f8113a9a415f9d3cdcc73b611a3"
"docs/build-orders/BUILD_ORDER_INTAKE_UI-006-P06.md","ad95ad84a906930ecf5288415b709dd79774667ce64b16a1d0c7e47a01abbcc3"
"docs/build-orders/BUILD_ORDER_INTAKE_UI-007-P01.md","a8161aaf6b358ecaf59de865f6dcf0aca22adffd803fb46960a7008e0184e742"
"docs/build-orders/BUILD_ORDER_INTAKE_UI-007-P02.md","c7b809a34ae1f33af30d1677c8b00ba27147d2fc16020ec28cc09a21f50c5776"
"docs/build-orders/BUILD_ORDER_INTAKE_UI-007-P03.md","dde5ddf9c4e22466ac14f1ab753656bf4dda21a2f4a77eb6ada9f7e5aade0aec"
"docs/build-orders/BUILD_ORDER_INTAKE_UI-007-P04.md","3abf54d0a8419cb88d1dbec6dd8ef90f3d00a14d36ede018b8e7c60a96e3433b"
"docs/build-orders/BUILD_ORDER_INTAKE_UI-007-P05.md","42b45d15af3b9548f37546e4f3fe8b9460d948b7504b5b395d242980392817c6"
"docs/build-orders/BUILD_ORDER_INTAKE_UI-007-P06.md","9886a36339dec6dcc24ab2234437560b47dd91bbe421f51e2c58cfa38532a3e5"
"docs/build-orders/BUILD_ORDER_INTAKE_W0-U01.md","d3e233dbe3e8424a6bfb0c4aaae8710bb44d357ab99826d7dce3486a20514519"
"docs/build-orders/BUILD_ORDER_INTAKE_W0-U02.md","98e75cbe883ba52f57b4d44a6cec5629c5cea94547b63b83b51218982b6a63e7"
"docs/build-orders/BUILD_ORDER_INTAKE_W0-U03.md","e66b85a8e47adeb367a8ba80c323de5c7d6e0df5bc4c24d9d4d01d62a202b2be"
"docs/build-orders/BUILD_ORDER_INTAKE_W0-U04.md","ae0706f8548c61fbbe04868bc4710a9c0364415ea36a8900dc77b7246521beb1"
"docs/build-orders/BUILD_ORDER_INTAKE_W0-U05.md","a1354ab5aa85150865fa526dd1d06a04b9b748f9c73f76dccf52504012b746fe"
"docs/build-orders/BUILD_ORDER_INTAKE_W0-U06.md","fb0c41887a0e6f299a87265152a8026d58036988779b2455438039bdb164617b"
"docs/build-orders/BUILD_ORDER_INTAKE_W0-U07.md","f091d32df460fcb69b09b6218b24c6d1fe63bcb3e879fc2a5c0a49f1450546c3"
"docs/build-orders/BUILD_ORDER_INTAKE_W1-U01.md","e8ba92eaceccdb22145f9cbbab9acf35fc50075f19a4eca815f19ba6a49a9410"
"docs/build-orders/BUILD_ORDER_INTAKE_W1-U02.md","4b4237e846c06036d3a284e1abb32b355773eaa7f940632af9049ca9910e1d4b"
"docs/build-orders/BUILD_ORDER_INTAKE_W1-U03.md","f4da19c58797b1d4d54d8b8ed70a12e79f624b23bab1106234be3be459543b65"
"docs/build-orders/BUILD_ORDER_INTAKE_W1-U04.md","0983d87dec244de0805749e77a292d52b5985c86b4cb3419765167a7ba96eee1"
"docs/build-orders/BUILD_ORDER_INTAKE_W2-U01.md","0cb5a7c3292794ed32d92d28b126040633bb2fc3fa3499bc6175632ef18fcb03"
"docs/build-orders/BUILD_ORDER_INTAKE_W2-U03.md","0c666ef13d575852b074576b31888554fd3fa5abdcf61bd5842511ff9e2770f3"
"docs/build-orders/BUILD_ORDER_INTAKE_W2-U04.md","e1060539ed0277e4b8a29d0f0e18cc48dc04560beea620c59a61b4b3bf5b31b9"
"docs/build-orders/BUILD_ORDER_INTAKE_W2-U05.md","d1de29cd6f45893a64c05f0d34a26db6fa57e815ebd73616a2276f2857e44e79"
"docs/build-orders/BUILD_ORDER_INTAKE_W2-U06.md","cfea0222590d3207f4804053b4decbb2420f95ab07786a2234f8af1c28cf354d"
"docs/build-orders/BUILD_ORDER_INTAKE_W2-U07.md","21d75a7adc37ad3016cb200ff69dec866d0b83cf15cd41ed00f5de5606901c5d"
"docs/build-orders/BUILD_ORDER_INTAKE_W2-U08.md","b9cd1ef7d38ca435d0cf2822ace2bb918b6c6f32f98f3841bfbb0bf1fe608300"
"docs/build-orders/BUILD_ORDER_INTAKE_W2-U09.md","f6c17d70e601afbc381dbc31922911261f00197b659e7509a6d19496906beff4"
"docs/build-orders/BUILD_ORDER_INTAKE_W3-U01.md","b1098019593342a0f19e085aad78bc18859943b499bfb6006cebf1ada6580351"
"docs/build-orders/BUILD_ORDER_INTAKE_W3-U02.md","05b479744406c0198a2d1294097a32e210b70ee2f56d1e13eb89165c4c7f3395"
"docs/build-orders/BUILD_ORDER_INTAKE_W3-U03.md","6eb9d7ab9d6579f67cd33878025b0f0e24e7632d143551fb28a4da9d8fcb5006"
"docs/build-orders/BUILD_ORDER_INTAKE_W3-U04.md","d6d1a12a1b5376b7314a6e5642322493ed31a9790c231ace9974f73d67909976"
"docs/build-orders/BUILD_ORDER_INTAKE_W3-U05.md","feafa6e8299211092c8890c1b1f7c0a7a67210572431e21b5e019c4d3fa8ac3b"
"docs/build-orders/BUILD_ORDER_INTAKE_W3-U06.md","8b5dad0b887b9b7882f1ca9aa0720ba57f26f4b36d23e7807e72a47788f8176c"
"docs/build-orders/BUILD_ORDER_INTAKE_W3-U07.md","743a22bb51a31f0a9119dd572ce2ec8f8c90143aed10f1a9c41a6e642047be95"
"docs/build-orders/BUILD_ORDER_INTAKE_W3-U08.1.md","9c8893c7981f97f1870ba02383f0eb6f4e05699b47a914b297cf7623100a46e0"
"docs/build-orders/BUILD_ORDER_INTAKE_W3-U08.md","0aaeb641db7218a8076c63f34ef20e8e60b8ba21f4cfce05ea725b4b642583fc"
"docs/build-orders/BUILD_ORDER_INTAKE_W4-U01.md","82c0c8e8f22b6378ec43fff5d654c6b988c17c05f63c5b2357ae008baca59727"
"docs/build-orders/BUILD_ORDER_INTAKE_W4-U02.md","92bd94410a8cd40d80c5380aa812e4327e99e652e08107c7e30df1c678b58dc3"
"docs/build-orders/BUILD_ORDER_INTAKE_W4-U03.md","1724b6dcd01fe00a7bccb50f376d8fe91f7794ad0c98d06c99300c819c08df88"
"docs/build-orders/BUILD_ORDER_INTAKE_W4-U04.md","20b33e539ce3cbccf1992210730eba61f9cc78e0632eb93d726e149417ba9f1f"
"docs/build-orders/BUILD_ORDER_INTAKE_W4-U05.md","835773945b2bea76a0de0b1322395198ccb924fc0bcb08722e2a09b07cb4b918"
"docs/build-orders/BUILD_ORDER_INTAKE_W4-U06.md","2d7f6d0279f42d9fd396c3e704acd5b9aa381e2e960b9b9adf5bc7a4e36f4715"
"docs/build-orders/BUILD_ORDER_INTAKE_W4-U07.md","9d29bb8c6c57c44bc08baa09a600723caf7de7abc24ed27681636f08999f181a"
"docs/build-orders/BUILD_ORDER_INTAKE_W4-U08.md","9fa0cb77a369141c1e7aea9d0a383ebccc8174c1afd8012b7a0c9cde8312f91a"
"docs/build-orders/BUILD_ORDER_INTAKE_W5-U01.md","0eb1f50bb9a02f4039bfb189c3e6fd49588f33944b2c179c30941b3c2ef27849"
"docs/build-orders/BUILD_ORDER_INTAKE_W5-U02.md","8117070f252ed0ff18a538092868a21c04f527a9e8880e601a9eb9446e1240be"
"docs/build-orders/BUILD_ORDER_INTAKE_W5-U03.md","d6b7c558f717c0a0b212f609a7b0aed62486aa5705a615f72a4c98df6d9b13a0"
"docs/build-orders/BUILD_ORDER_INTAKE_W5-U04.md","738a92264136231648a74e4e5e36c6c755ffb7c3212cb662d72cd86613e191e5"
"docs/build-orders/BUILD_ORDER_INTAKE_W5-U05.md","4e77d68746274ed0e0c84ae610601850b941726390daa41eb9633cd0e378e25f"
"docs/build-orders/BUILD_ORDER_INTAKE_W5-U06.md","f1046d1ef35c9e6312c4f6ef7919cae03f2d72802f1a66a45c5224c3c0d8350d"
"docs/build-orders/BUILD_ORDER_INTAKE_W5-U07.md","4d3a83a7cfbf04a1b88baa6585c9bb1f8ee1ecb645047aa6afd104b914a41b39"
"docs/build-orders/BUILD_ORDER_INTAKE_W5-U08.md","af3f2ba519e222cf1f6f82ef8192933fa94ed23f54bc8e2d6ca415a631457226"
"docs/build-orders/BUILD_ORDER_INTAKE_W6-U01.md","4857e3d3c201635b2e73dcc1e5433be83a55f1809e9239395e62f75f855c84d0"
"docs/build-orders/BUILD_ORDER_INTAKE_W6-U02.md","fdb7d7153189855c773b8b3358d4dbed1d7811bca8733692fa2748e8bb9e21a1"
"docs/build-orders/BUILD_ORDER_INTAKE_W6-U02_BLOCKED.md","a0a202181bc2e9445169c509fa73659141bd8d14dbf0912b689f1483b4052569"
"docs/build-orders/BUILD_ORDER_INTAKE_W6-U03.md","188e5195d96da1329c179b2afe0e2cd9a699138d54af6f38f919d461430e002d"
"docs/build-orders/BUILD_ORDER_INTAKE_W6-U05.md","ee0aefa241fb9b2d7e4762cf75c74dad0a1623695a2f1a7776733620de98a073"
"docs/build-orders/BUILD_ORDER_INTAKE_W6-U07.md","3f88051d6df752739138b9b1ae7a25d53845cc004fa5a5c4aceb4521da128b9c"
"docs/build-orders/BUILD_ORDER_INTAKE_W6-U08.md","5231ab75e041ee2c11dae3a8698fcb6c7e5d76ab3a7b803eb819231c936f6b4e"
"docs/build-orders/BUILD_ORDER_INTAKE_W7-U03.md","ecb6dc248b1746bc2a50cfeb6740bc29ed7c12969cd6a7a5d334e9b147c6f5ad"
"docs/build-orders/BUILD_ORDER_INTAKE_W7-U04.md","fc4481535a6598f25fe7b8a09e55d7959822ce2a9cdab396000a9cf307562034"
"docs/build-orders/BUILD_ORDER_INTAKE_W7-U05.md","615eacdb12de8bd5879f2853441148512413114842a94ec7b307ea3f330793cb"
"docs/build-orders/BUILD_ORDER_INTAKE_W7-U07.md","00bbe89114e83d019015e0506503697f87872cb74ef83f903c924aeb8d3479d2"
"docs/build-orders/BUILD_ORDER_INTAKE_W7-U08.md","9daaf9fb9f4c5f96689a754e247da6c7debc9d6bdd00b51a668d6ac2401164cc"
"docs/build-orders/BUILD_ORDER_TD-AXIOM-GIT-PROVENANCE-REMEDIATION.md","d7166023d2be9cdd48b686cc744516fffb279afcec969d40c1581bbe588193d0"
"docs/build-orders/BUILD_ORDER_TD-UI-POSTCSS-HIGH-REMEDIATION.md","fdbe07102944e84080831cc2c3729ff41ae744178007444e7e07c2dd7fc263aa"
"docs/build-orders/BUILD_ORDER_UI-001-P01.md","7b7a2a5f8e458498d56762f8ad7e0e0e0bd3f67e9d7b735f03541f32eec053a0"
"docs/build-orders/BUILD_ORDER_UI-001-P02.md","2a49383b2de641d2bf93acddddb8d8b422990a5101229b9aca9a45a9ceb0fb60"
"docs/build-orders/BUILD_ORDER_UI-001-P03.md","4dc4207371e2f7e5249163fecf6a75579a86e8b44e34af52fbfde2e59a0883ca"
"docs/build-orders/BUILD_ORDER_UI-001-P04.md","7e3f81a4824f237641fbdd24cb29b776dd25c59f943247f38efbae7f20719222"
"docs/build-orders/BUILD_ORDER_UI-001-P05.md","e6532db749b411367202e004a48e0740e4da447a1a4a92fdddb3632bcb8937c7"
"docs/build-orders/BUILD_ORDER_UI-001-P06.md","321358b0d836f99c278cfd1b98c3a92a0a39c83d2af7a4d1842b4d24db10b809"
"docs/build-orders/BUILD_ORDER_UI-002-P01.md","3210fc69e128d3ff1435775709b122ab3f6f53c5e6c755ee2efa8c83ddba75b8"
"docs/build-orders/BUILD_ORDER_UI-002-P02.md","727056680a8d48515d6c09a666fe97480594f6b0ca9ca927dad67303402b7289"
"docs/build-orders/BUILD_ORDER_UI-002-P03.md","62472be466610a16b7544e8f0d8ec05d09999476fbbc14fb483ece8c5d3eb1fd"
"docs/build-orders/BUILD_ORDER_UI-002-P04.md","124a54c3a42e9f4cd989ba8eb2c7dc36970e72ac7406906d7b95548dd0f25fc3"
"docs/build-orders/BUILD_ORDER_UI-002-P05.md","7b4c8bb31336e969591ae41a4488b80b9d4eb79993e76d459dd72fae0ecc54cf"
"docs/build-orders/BUILD_ORDER_UI-003-P01.md","6342dc1b84f536eecab8db119b9094436ad0ce1d4936b1ba883e46fcc9b3778a"
"docs/build-orders/BUILD_ORDER_UI-003-P02.md","98d5784a88c61c2bfa53df9759710b266605481ccf371c64ce80f9a08499960b"
"docs/build-orders/BUILD_ORDER_UI-003-P03.md","3b1a4c74bd38c7621320ae584fc3d3a174736815e723eba6045eda53fe3dc1a1"
"docs/build-orders/BUILD_ORDER_UI-003-P05.md","c4b6f457d7b3303a406b3d8c9637b984cdecc6094b9dfeec9033bb3db3531783"
"docs/build-orders/BUILD_ORDER_UI-004-P01.md","10ec6bcf9b5954e705d2513959391678b93a54176d59877a562d73589760ecba"
"docs/build-orders/BUILD_ORDER_UI-004-P02.md","0204fd0e3103b370aeed8a98fcaa5e1283b4bb9d1231e29b6ad2bb3ea442b1de"
"docs/build-orders/BUILD_ORDER_UI-004-P02b.md","b0eca4b8c5f7b5381d0010166f433994499fe482a49556f438ff6c0ff6f6ae26"
"docs/build-orders/BUILD_ORDER_UI-004-P03.md","64af52979de1e8702a5bbf1792bc6dfce082d8b47ff13b54bce9dcea897ec470"
"docs/build-orders/BUILD_ORDER_UI-004-P04.md","1c2c1663708fd0496328bd43368f08c3f1c0fba880365235172618ed9a9f85a4"
"docs/build-orders/BUILD_ORDER_UI-004-P05.md","4f4aeb29242b112a778d24cf3d1e019f448ade99e98a3df1efb7513d53ae28cc"
"docs/build-orders/BUILD_ORDER_UI-004-P06.md","725324f18e86536d0752b30315e9c50d18ea86fecd7e3257242b51b7664fc146"
"docs/build-orders/BUILD_ORDER_UI-005-P01.md","e43bb466645ee8b0b7fbeae4b05094f92a7f62882bf89b144981095fe9904283"
"docs/build-orders/BUILD_ORDER_UI-005-P02.md","27789b0e4fed93dc47717ab1dd791c645d70c397c2308fd024ec79fe6871e16e"
"docs/build-orders/BUILD_ORDER_UI-005-P03.md","727f52af00a8e9539d04bc24df06558be702b48689a3d25f7809d8b033c02377"
"docs/build-orders/BUILD_ORDER_UI-005-P04.md","bf0f5e4ca49ca6e69e919464c6ad379e042131a360f7c2a85d15950b6ec87549"
"docs/build-orders/BUILD_ORDER_UI-005-P05.md","cd8dd8a4b748cab583290fac807e51eda1b90a117eff1631aef87cc870f5b734"
"docs/build-orders/BUILD_ORDER_UI-005-P06.md","c02b43fe49cd07d2198a909239048c36b4af8484e60d698bf4f9a78ee7233908"
"docs/build-orders/BUILD_ORDER_UI-006-P01.md","357736798925c9118c013909cab99f88c8dfb1e7851f4b1e9f4942ea638ba7ce"
"docs/build-orders/BUILD_ORDER_UI-006-P02.md","bb4b54a4b30bd7b3331e3d0fa1e0bd6a1d49a0a5ef3966764439d4e8d0097f83"
"docs/build-orders/BUILD_ORDER_UI-006-P03.md","adc46f102e991906b0494bf9dfd17d2dc6f191d115dc19dd560c831b1be917e4"
"docs/build-orders/BUILD_ORDER_UI-006-P05.md","5ed6c2ef0948468710d33911500c7b9b64d7cb3cb5271ff07a1856f3a511d09a"
"docs/build-orders/BUILD_ORDER_UI-006-P06.md","e946c7615ad6e3f2738c1f53314acc2de4b880793a4744e4f7754ed8345c915c"
"docs/build-orders/BUILD_ORDER_UI-007-P01.md","737152c674cde9354987e177df244d42269639d750420afe239c98471f2ce66f"
"docs/build-orders/BUILD_ORDER_UI-007-P02.md","46291e349842ce3e97ee7379a576c235a6470f0fbfba86e0ebeed5fc6d93f3ce"
"docs/build-orders/BUILD_ORDER_UI-007-P04.md","46ade3d366f453a8327a7e5ed8111e770a9d3bcd88740d5df7245a0bc3a99626"
"docs/build-orders/BUILD_ORDER_UI-007-P05.md","7955d6c995d7a4a7caa8653ea8e24d2b899744d291e02d8da426fa9d3310e9f3"
"docs/build-orders/BUILD_ORDER_UI-007-P06.md","ec0e2d40c50b6a4fb308b6d43bc0493d73cd8fa01342c6c3a1e0bed78be78931"
"docs/build-orders/BUILD_ORDER_W0-U01_Project_Initialization.md","eda50cb8a4b851384ceaf41f5a29dd7e8c7d6b3fbb2881ccf7dc2ab58a1ecfa2"
"docs/build-orders/BUILD_ORDER_W0-U02_Core_Persistence_Layer_Foundation.md","1d0369a45d46b28ea18763a3195b58d0160846f67c454ffdbcd6c32c2909e45b"
"docs/build-orders/BUILD_ORDER_W0-U03_Market_Data_Ingestion_Foundation.md","1a71e1d8a96bf018980f2e10dbc2c83d95067a210553b48fdb28c9c7ec93e721"
"docs/build-orders/BUILD_ORDER_W0-U04_Authentication_Operator_Session_Foundation.md","77e2042fe9f2329543046154ed2bd87c3bace3fc268d7729351c870d4d69be1d"
"docs/build-orders/BUILD_ORDER_W0-U05_Real-time_Market_Data_Adapter_Foundation.md","973addf5bde24c4d2c3e1896f89f56600582a1c12547c75d2b1129dfe898be1d"
"docs/build-orders/BUILD_ORDER_W0-U06_Frontend_Live_Data_Integration.md","05662ace5c377465483f74078818a50c8d1edf452985ee23dbb13c90b19bd449"
"docs/build-orders/BUILD_ORDER_W0-U07.md","9794dd05bca1d37ce85df086dbf8e3a750e3d9b87a321d6c38a288f95ad02700"
"docs/build-orders/BUILD_ORDER_W0-U08.md","2d4c0792ae00734f4ce340e3c88d485e548e4d77002c70608112136a4aab0f36"
"docs/build-orders/BUILD_ORDER_W1-U01.md","ebb39184c4a46ed4e74b67652d2b5b45ccf8e46fee1cb0641d5c538dcf88beef"
"docs/build-orders/BUILD_ORDER_W1-U02.md","c6ae9b33c68d3bddab9aba795dd2dddc2755f3acd53d6e264e212fe9129e559d"
"docs/build-orders/BUILD_ORDER_W1-U03.md","f56ae398898b681aeffbe3ee6464250f23b12f265c7b03c46656af146707af0e"
"docs/build-orders/BUILD_ORDER_W1-U04.md","bab683d1bbb9854684ae0017b3e6ed5964bceee06f40c425ca93fee7077a439a"
"docs/build-orders/BUILD_ORDER_W2-U01.md","703055af8a11f94240ab93892d2929b7d5414b765691f87d1b037c9f1b54f97c"
"docs/build-orders/BUILD_ORDER_W2-U03.md","1c5b95bd911504e00ee1e2f9c7f9d871af048f87cae0c4a55a30f77e9acf0aa9"
"docs/build-orders/BUILD_ORDER_W2-U04.md","5dfc2592f9697f3829a47ed68362a7d7fa0fbf437a03117c447b6af8f0a41374"
"docs/build-orders/BUILD_ORDER_W2-U05.md","8060de895a29c85c9d88ca9cad7ae056fbb64e2ab1bc2d2edb4c8c834ba1db0e"
"docs/build-orders/BUILD_ORDER_W2-U06.md","d78c94ea9f17dda3b21d96a3c89694fe6343bacd5100196f90dbfc0dd8f55fad"
"docs/build-orders/BUILD_ORDER_W2-U07.md","5cb73962dd875dacc1e32461e48cde11eb6f8118877a97d97501f1148dcb75b2"
"docs/build-orders/BUILD_ORDER_W2-U08.md","384034aea01aea06047f1f8b8cefe3630f841031f6122ad7aebf11f420f63c1e"
"docs/build-orders/BUILD_ORDER_W2-U09.md","6636558e3e1f3cf05a0c2fdba46e9b98761b7d100d3c6f59e71388218d2ea9b3"
"docs/build-orders/BUILD_ORDER_W3-U01.md","4b24c80ab86aa37249e11c14f83ba64d1f774f33f7b9af84d6a1da94da663bd3"
"docs/build-orders/BUILD_ORDER_W3-U02.md","b9dc922c9535749cf44fcedfde482f5cd868f9deb335a312faaff637ccdf09f3"
"docs/build-orders/BUILD_ORDER_W3-U03.md","1607e63d4c100c3c9310059e49099bacfc1c23d09855df52a06cbd303583353b"
"docs/build-orders/BUILD_ORDER_W3-U04.md","fca557226c12336fbd31c3f2924fba6970578b06eacea7113a9d4dc6abd13595"
"docs/build-orders/BUILD_ORDER_W3-U05.md","0f43d408635f201ed3f9dfe44e1ea449a57d9e079ca47c4556583d9f2ca91020"
"docs/build-orders/BUILD_ORDER_W3-U06.md","3dcb28918e42bc507bc235e33ebe99e1d8df55ddda909857918f43a89ce12dd3"
"docs/build-orders/BUILD_ORDER_W3-U07.md","03fae881953f3411b2ae3c96bf3d018643816120f80259ab93472fe0cd5c0c34"
"docs/build-orders/BUILD_ORDER_W3-U08.1_HARDENING.md","5ae59345574dd6f5224a3931c5a2b171c2b30f543ae31dadffe64743a4c793b8"
"docs/build-orders/BUILD_ORDER_W3-U08.md","bbfad219322ac53ad41135a400227b95324604d7a7f08f132df88ed4d4a2dd4e"
"docs/build-orders/BUILD_ORDER_W4-U01.md","fdea824adae41c46ba7c9441e181fa5ec6faa12b9b7699dd8bbb917cc2ba51cb"
"docs/build-orders/BUILD_ORDER_W4-U02.md","d703ac4d4d86096e3817c095ff3383d1974e29f04fabd8bb5c82b166685feec3"
"docs/build-orders/BUILD_ORDER_W4-U03.md","d2ea927302190c3c9d5ab9986e362a199ddca9246f8b9a383f575aa20cb734b0"
"docs/build-orders/BUILD_ORDER_W4-U04.md","b365cb9ed3d3509bade945792d592de418964e27643f5b9fe68b7ebf996345cb"
"docs/build-orders/BUILD_ORDER_W4-U05.md","342847b0c2fdaba27a37d504d702307a9930923b13df8fac055743ae3b57055c"
"docs/build-orders/BUILD_ORDER_W4-U06.md","c8864d14b7063ba13380a25d0d43f348b643abe94152017174f0d743ce955241"
"docs/build-orders/BUILD_ORDER_W4-U07.md","85b0f926357e0e60c3470dfd275ba33611fbc0056cb294703952c1bc3bd7f978"
"docs/build-orders/BUILD_ORDER_W4-U08.md","ad4eb3f31b24c3854a297e6976f2ac0d5fe55a6cba21c3e20e4f8582c59d8273"
"docs/build-orders/BUILD_ORDER_W5-U01.md","bbfe465c173519c05311cb45f9144f468a5037b89be355ac029c4998dd7e70d7"
"docs/build-orders/BUILD_ORDER_W5-U02.md","28adfef43139ec2171f2a14738e82fa4d4368f4e1bd6129c5dd829a9c1f80e30"
"docs/build-orders/BUILD_ORDER_W5-U03.md","1960563038d442552e1427dc6d775a2cde08ca46e2090f18f88619b1a591c246"
"docs/build-orders/BUILD_ORDER_W5-U04.md","0bddcf35858ff8d68ae7823361cc2a08a89be3dbdba101cfbc2850cc2660e435"
"docs/build-orders/BUILD_ORDER_W5-U05.md","d2a715c254a83949edd090cc1e6f8956390cdf154b706a35af0a18b373d5592d"
"docs/build-orders/BUILD_ORDER_W5-U06.md","fae792d9a9e1055bfb20c56b71a71bedd04105ad15ce222d6bb513eb7032a4cb"
"docs/build-orders/BUILD_ORDER_W5-U07.md","58bb42516509655363abdff7dc497cec14595014fffd77ec572ec09a41d142ec"
"docs/build-orders/BUILD_ORDER_W5-U08.md","e8f05912d8ee26a8760f3379086c57cebb88b90454d420842bb68cd05867f4f3"
"docs/build-orders/BUILD_ORDER_W6-U01.md","8e2d3c9da69385bbdf676c60c88eb4283d97c43a89342c4b8d460f4647e3edd5"
"docs/build-orders/BUILD_ORDER_W6-U01_AMENDMENT_1.md","e65d5bcda465f812e07ddf145470be40878e0c29e9fd64290b9ab948a498f47a"
"docs/build-orders/BUILD_ORDER_W6-U02.md","79cf55c2b3642a74fa98b56b7a9a0ae50ce0662828110c88e5352e9119cacbbd"
"docs/build-orders/BUILD_ORDER_W6-U02_AMENDMENT_1.md","42fa395238239eb36f4e49e73693521b2caca673343497e972720bffe289b9bf"
"docs/build-orders/BUILD_ORDER_W6-U03.md","2798d2308d13c21c3e33cea4fa9cb0a5cf492a332dc7a0b76a7baeea56fc63d6"
"docs/build-orders/BUILD_ORDER_W6-U04.md","da4a77740858f9e6fa22a3423f0fbd90384beec8d6b0edb41d4d451f899b86d1"
"docs/build-orders/BUILD_ORDER_W6-U05.md","a0dd66cbea5fc1009dcd5d1e57cd8452dc6173fe1344da507dba1b6cf0dbd41d"
"docs/build-orders/BUILD_ORDER_W6-U07.md","26c4897929e78d41caf33e5a246a00fe271d8cbc28a5622a62edb1296361cf6e"
"docs/build-orders/BUILD_ORDER_W6-U08.md","e56f54205075d0030f77f4584bba3af96daac2d188801ecc39ac0fad3c214e3c"
"docs/build-orders/BUILD_ORDER_W7-U03.md","e0cfa48eef867ec09c46dbe74e9248a85cf053422f310dda71ce31c7364ef93b"
"docs/build-orders/BUILD_ORDER_W7-U04.md","36f0d78e8e56b03f74bd65a8bd7a5e44b915eb0d366192017b058d5baca49bc1"
"docs/build-orders/BUILD_ORDER_W7-U05.md","c2545a9c83c810c05d0d659cf837ba878a6631a7fdad3dd9d3247b4a6227ca38"
"docs/build-orders/BUILD_ORDER_W7-U07.md","ebc79cdfbf7f203cf6a197932ce311e82de07afa2a5f40025355433dcdafaaff"
"docs/build-orders/ITRGA_CLARIFICATION_REQUEST_W6-U01_AUDIT_REASON_CODE.md","c43f917df04c06cf5426fe7c6913654626f681fa8391c5a5405e5c4266674f47"
"docs/build-orders/ITRGA_CLARIFICATION_REQUEST_W6-U02_OPERATOR_ID_USERS_TABLE.md","cd0b77947147c1369507f469ae736f5d319eb0a4da0e9891b5e627f13cf24b36"
"docs/build-orders/ITRGA_CONSOLIDATED_AMENDMENT_3_TD-AXIOM-GIT-PROVENANCE.md","e744f90e460525f011eba31196d095b9f9f15d898c206b55556962d2c438f627"
"docs/build-orders/ITRGA_DETERMINATION_UI-004-P04_APPROVED_WITH_OBSERVATIONS.md","c9952c88e8acdaeb0f0ed1fe957269470f622f62ac3448ffa2d92061f259a377"
"docs/build-orders/ITRGA_REQUEST_TD-AXIOM-GIT-PROVENANCE_D2_EXCEPTION_COUNT.md","6401c15ee11afbb64f70a996990dc334baa89382c2b3e4d5a954335cb4c3b244"
"docs/build-orders/ITRGA_REQUEST_TD-AXIOM-GIT-PROVENANCE_S3_BASELINE_DIFF_SEMANTICS.md","074e7cabdb52864c122aedbf090af7a7e52830fb8ba311e99127a9ae8d174348"
"docs/build-orders/ITRGA_REQUEST_TD-AXIOM-GIT-PROVENANCE_W8_BASELINE_RECORDING.md","6447253007cbce1dd4844063e6845cc9b3da4723504e6ea1092f098f08a4b960"
"docs/build-orders/ITRGA_REQUEST_TD-AXIOM-GIT-PROVENANCE-P2_SCAN_SCOPE_CLARIFICATION.md","a14ffdd2d312a035c0b783da79aa35e77a47d777ec8804b39b8b8a74ebd04881"
"docs/build-orders/ITRGA_REQUEST_UI-001_DESIGN_PLAN.md","82493a7a6564d3fceca223550a2a749ef001c27d10271220ed939fa4b21dc894"
"docs/build-orders/ITRGA_REQUEST_UI-002_DESIGN_PLAN.md","6703dc652f981ac0449a3f1191eaffdd17900123a3a95bd6e0182007b114f246"
"docs/build-orders/ITRGA_REQUEST_UI-003_DESIGN_PLAN.md","50ee700a98bbfa013b1af71eb786b0dc0a423869958bc4df82c3366005fa8a4d"
"docs/build-orders/ITRGA_REQUEST_UI-004_DESIGN_PLAN.md","896fa814ca28385cf5076b7be1024d8145d5d9426bb9af34c2e24ab24c37614b"
"docs/build-orders/ITRGA_REQUEST_UI-005_DESIGN_PLAN.md","d8189520e38afac102348d2c9a87fd10aed48aac180158934d72c7079bcf60dc"
"docs/build-orders/ITRGA_REQUEST_UI-006_DESIGN_PLAN.md","e75ff7ece68b90301dc7feebba33b8a7bc1fe943797c28315e91256d897afe50"
"docs/build-orders/ITRGA_REQUEST_UI-007_DESIGN_PLAN.md","12a1eb7efe13b545c2df8fe2122dbcb6c8de385e396233651a8f729accbcd4d0"
"docs/build-orders/ITRGA_REQUEST_UI-007-P06_R6_AUDIT_WINDOW_CORRECTION.md","71d733a89a3f6de55e82c7ea4a5346031eb4a2ff92e22b0c901e236097ed085f"
"docs/build-orders/ITRGA_REQUEST_WAVE2_DESIGN_PLAN.md","7efbdf52a345a409de5fa8a912cd8044a2d1edc7e4478cce18f5f6d6293de234"
"docs/build-orders/ITRGA_REQUEST_WAVE3_DESIGN_PLAN.md","f970135ab123969130639172e7eb93f773a4022545a3a45b82953f11cedd9620"
"docs/build-orders/ITRGA_REQUEST_WAVE4_DESIGN_PLAN.md","7f2535d643f142e8be83cb837ebb8202478319cfc8d3807e98fe8a4a045ae961"
"docs/build-orders/ITRGA_REQUEST_WAVE5_DESIGN_PLAN.md","be79845d7f0ac59af99204ed89b1b0eef9e100cb07f10f41818aa3077670b7cb"
"docs/build-orders/ITRGA_REQUEST_WAVE6_DESIGN_PLAN.md","0a48e201dd5399d2658df6bc3b01154070ad87ffc4765034cd980bf7ded8a1b3"
"docs/build-orders/ITRGA_REQUEST_WAVE7_DESIGN_PLAN.md","86ccdd9965d87687c6c83bed519a74b343ac3952acad2e3e35406231b6d6051e"
"docs/build-orders/ITRGA_REVIEW_TD-UI-POSTCSS-HIGH-REMEDIATION.md","992cb480558ba11976dc3771fba662d238395d97fab8920cda58bfb9220c1fa2"
"docs/build-orders/ITRGA_REVIEW_UI-001-P01.md","cb5a31e941b1abbcc5331bd9760788822253bc429c68839e88c842b653be9aca"
"docs/build-orders/ITRGA_REVIEW_UI-001-P02.md","6ee7bd30a12e9fcfce8871fd1f26bd5837583f013f8f34975ce2c73af54fdb3a"
"docs/build-orders/ITRGA_REVIEW_UI-001-P03.md","68e5daccdbd64e91f742c42fffbb24f1c73091c79186b8713c1920c6e409384d"
"docs/build-orders/ITRGA_REVIEW_UI-001-P04.md","aadac76ae568994dee9b9f860ef71a9b14bd72e39a68b04dea308db6bb68da85"
"docs/build-orders/ITRGA_REVIEW_UI-001-P05.md","4ab5ab7e2ff074a4d5076649cc9702afa8c99f693e2e2662004e6f499364bd4b"
"docs/build-orders/ITRGA_REVIEW_UI-001-P06.md","8d6e6bd8b44b21be67caeabc9af680ee68a99d9fca568d6d1b06fe4b84a5235c"
"docs/build-orders/ITRGA_REVIEW_UI-001-P06_FINAL_AND_UI-001_COMPLETION.md","89ece158e27269835952775b08d31697aa8b238f9070e65b58254886cb6dd606"
"docs/build-orders/ITRGA_REVIEW_UI-002_DESIGN_PLAN.md","84f6827f49b6bbd1bcf15229cd13aa2394c86bf2ac4a849089cce8154265b7d7"
"docs/build-orders/ITRGA_REVIEW_UI-002-P01.md","4438f5892e345864556328ef8d9ab239ef6b9d9fe45ccbb221c90e14e8ce9a38"
"docs/build-orders/ITRGA_REVIEW_UI-002-P02.md","b62754383c0b072378e7fec95656753102cb432e1c681c5cb7d4eb2c1060895b"
"docs/build-orders/ITRGA_REVIEW_UI-002-P03.md","1c174c7b4f2037c98fc0f31fcf6458519954b8e2dc62a06701d8092f71915240"
"docs/build-orders/ITRGA_REVIEW_UI-002-P04.md","e63f15d3d38e59c79e68912d97128921fef17a9fb3bc9adcb8880d62bf789570"
"docs/build-orders/ITRGA_REVIEW_UI-002-P05.md","86321881410e9902ded9729cba099cff8e2fe63f4572dcbc17f794704d074b22"
"docs/build-orders/ITRGA_REVIEW_UI-002-P05_FINAL_AND_UI-002_COMPLETION.md","f7fed2f6ee4fb263312cda3873316aa8b286e20111d78903af1f6fd62b8029c2"
"docs/build-orders/ITRGA_REVIEW_UI-003_DESIGN_PLAN.md","6ce732984943e2d179d39f48daa721f58bcb26407371c7f41311b2d185a92e39"
"docs/build-orders/ITRGA_REVIEW_UI-003-P01.md","bbd953ae64c9c32eb818fbe67b163f49142340ea58b5fc7356085bd24b519dc3"
"docs/build-orders/ITRGA_REVIEW_UI-003-P02.md","0f40df1f918cadf9a62e5241db40974d7d7c388b257334d4ce2e3e4acc49d182"
"docs/build-orders/ITRGA_REVIEW_UI-003-P02_ATTEMPT2.md","73940a413db0a3a33d02973ea88fc01a4e2bcea9a46e5f4a776a65456fbae479"
"docs/build-orders/ITRGA_REVIEW_UI-003-P02_FINAL.md","4e6cbdc5d845155a7ea504866536dcfef70ef9af51bcec6780866e7763521e87"
"docs/build-orders/ITRGA_REVIEW_UI-003-P04.md","3ff6e587a5557eb1f598510e1786256ef65e76d015da2e51af93eb2046e2f80f"
"docs/build-orders/ITRGA_REVIEW_UI-003-P05.md","4788e744f417c9622dbd5d53387ffcabe0c51f80a406df294cde0c5b916cd0f6"
"docs/build-orders/ITRGA_REVIEW_UI-003-P05_FINAL_AND_UI-003_COMPLETION.md","91280d443434238891535e289645200e66af8dbce24286eacba95b27d3a5ec56"
"docs/build-orders/ITRGA_REVIEW_UI-004_DESIGN_PLAN.md","2bb7e6573eda79c66a0ee418ee773868b1888555f881b6d4bd4ce9f928ce77e5"
"docs/build-orders/ITRGA_REVIEW_UI-004-P01.md","f146e4f6927e96ebb74270870a299ff11b662c9d78b286c7960847c6ec39f1f7"
"docs/build-orders/ITRGA_REVIEW_UI-004-P02.md","07a1bce6c774828dcefb79b39b89ff17660c8baa7c6c3948ed6355a2dd1547bf"
"docs/build-orders/ITRGA_REVIEW_UI-004-P02b.md","167e46e4360b0faab5ce7ee4ad1df8876c43a0a79f9c0346525284a1f9ea3165"
"docs/build-orders/ITRGA_REVIEW_UI-004-P03.md","86004e34170c1a8ce0af7374045f504e4184ae4d7e5457ab8d7bc3989f799aea"
"docs/build-orders/ITRGA_REVIEW_UI-004-P04.md","e36baf19a4a561603db1be29a30d617b9c25e5cd660515aa61d078eb8369c3c3"
"docs/build-orders/ITRGA_REVIEW_UI-004-P06_FINAL_AND_UI-004_COMPLETION.md","71937778d6b723f2b462a9050ab8ca74c0e4bbcff851363af7a5cc351dea9724"
"docs/build-orders/ITRGA_REVIEW_UI-005_DESIGN_PLAN.md","07fc88d128401fdcd8bfc9ee47c6aac99afaac84753a08eea3df463e11fdd12b"
"docs/build-orders/ITRGA_REVIEW_UI-005-P01.md","04d01651200e5bdd44853db57c62d6aace66b1df01d377f14dbf6c60773a46c5"
"docs/build-orders/ITRGA_REVIEW_UI-005-P02.md","1d1ea007f49074dad66a51176c4e45d05650296c435b1d861afc9a10004f04b6"
"docs/build-orders/ITRGA_REVIEW_UI-005-P03.md","da01b53f2fd0c7ad7adb56c54f0faf94a9c88946121bbbb1280e1a9f4f1d35ad"
"docs/build-orders/ITRGA_REVIEW_UI-005-P04.md","1b05faa1c693159d51d8ce80cc2d61af616ecb488d80211f9457f37b5630a083"
"docs/build-orders/ITRGA_REVIEW_UI-005-P05.md","2ce8701efd9f05710cc574864b434fc43f01cbb31661daf0034faffa7c61b86d"
"docs/build-orders/ITRGA_REVIEW_UI-005-P06_FINAL_AND_UI-005_COMPLETION.md","e18096b850f252868828a6c8656bc1f62344df4bbfd4b0e47d6f7662f587eb8e"
"docs/build-orders/ITRGA_REVIEW_UI-006_DESIGN_PLAN.md","78ca6e6944c00e2012a176238f6feeddeffff1886fba1bcb95b2f5e86b73a777"
"docs/build-orders/ITRGA_REVIEW_UI-006-P01.md","4ea2ad7591c013d252612c967ffa19d3704ce5bed7f382dbecabab4a8cddefba"
"docs/build-orders/ITRGA_REVIEW_UI-006-P02.md","bb0d6418e0038e206aa698f7224d7c7a1ebffa255ac11578ed8b4c0dad3b5d30"
"docs/build-orders/ITRGA_REVIEW_UI-006-P04.md","ed67199eeb5d3701bdf63917d31e7b09ab782abe90bab23561162c5879ad6764"
"docs/build-orders/ITRGA_REVIEW_UI-006-P04_ATTEMPT2.md","416e03b5bfb731fe306f737e79ff75b452cf58866366aa4a73e3810418d0a8e6"
"docs/build-orders/ITRGA_REVIEW_UI-006-P04_ATTEMPT3_APPROVED.md","cb9f42d40d8045fb42b79694acdfe9ab4975941c6df0f93276b0d82318163670"
"docs/build-orders/ITRGA_REVIEW_UI-006-P05.md","4fdb0ee2cffde4ce92bd54e21823ff3b7b3d48d4c4eb358f59db77cda0525855"
"docs/build-orders/ITRGA_REVIEW_UI-006-P06_FINAL_AND_UI-006_COMPLETION.md","a8a29f6fb9480d6648c069a8daf8d8e7840f9387e585fa8b1f1e6660d086c94c"
"docs/build-orders/ITRGA_REVIEW_UI-007_DESIGN_PLAN.md","44965b705fb817e693c50d63600acadde63e43cf12325e2ed621f28ca6feedbb"
"docs/build-orders/ITRGA_REVIEW_UI-007-P01.md","661dce018fd85678bc004837d622bc2ca5740eb3b04091eba2aa5acbc589e80a"
"docs/build-orders/ITRGA_REVIEW_UI-007-P03.md","10494ce7fe46990a36bfbc48392a559d9b8f3ceb33fd89d86464ad667f7b2741"
"docs/build-orders/ITRGA_REVIEW_UI-007-P04.md","dc5a266369c4ae5b2ebf4752fadd19de4cf5ddbdbbaaba338805690fd69e4dba"
"docs/build-orders/ITRGA_REVIEW_UI-007-P04_CA_RESPONSE.md","5804dfad765fd99fa1fad483ac82c46e8dd57cb669c4fd5dcf5c58cedb86f052"
"docs/build-orders/ITRGA_REVIEW_UI-007-P04_FINAL.md","16f804b15a68ea90f96f95e6c09b0a2721d3e11203ab858b1c773fb3df2fb3a1"
"docs/build-orders/ITRGA_REVIEW_UI-007-P05.md","a8cfb9d42cb5f4efbd9db926201ad2697b9f3159e91bac570181ee8d2a37952c"
"docs/build-orders/ITRGA_REVIEW_UI-007-P05_ATTEMPT2.md","d0133edb393f7c09b63877880971ac9c1b79915c084028873e55dae0ab455c57"
"docs/build-orders/ITRGA_REVIEW_UI-007-P05_CA_RESPONSE.md","0cdffd850a3bccabcec4319d8c8e6cfe2e789d35e207a1a8ff41989715411198"
"docs/build-orders/ITRGA_REVIEW_UI-007-P05_FINAL.md","bcba3ff64da940c878cfb8c4d836b7c87bce745793745f03d97176f00c42f72b"
"docs/build-orders/ITRGA_REVIEW_UI-007-P06.md","0d385e67fbcd333f95ba932b94804b26a3052a88a1d10a87aeb2020cd319aca5"
"docs/build-orders/ITRGA_REVIEW_UI-007-P06_FINAL_AND_UI-007_COMPLETION.md","6a310a9aa36b7192638abd157767149b32ac105fae1ba353e31a44ee0197bc56"
"docs/build-orders/ITRGA_REVIEW_W0-U07.md","78559e28eb55726b397891b7bafee08a8c25151863cd54f7c9a6f50c02933a64"
"docs/build-orders/ITRGA_REVIEW_W0-U08.md","845ddeeb739add4eb994f4f3b2a030260aea3b8d9a63c9c1ce4e04233f72f8cb"
"docs/build-orders/ITRGA_REVIEW_W1-U01.md","6a196577db3f1e22b1fe68a8ac96ef1a547cc06134b95abd7feeaff0dda01432"
"docs/build-orders/ITRGA_REVIEW_W1-U01_CORRECTION.md","510f517080c134a0d079fb4f4bca7f123ab235c43ad6aef27e95b6f46f0a816a"
"docs/build-orders/ITRGA_REVIEW_W1-U02.md","bdccb74b1c2c5b657b6aeefb72ce45b2f6486d9f06b304ad07f242d4ccb5b325"
"docs/build-orders/ITRGA_REVIEW_W1-U02_C2_RETRY.md","b6b8118952ee5f4f3405e5a32379c76a1298165a5e223aed6a3656e99758afaa"
"docs/build-orders/ITRGA_REVIEW_W1-U02_CORRECTION.md","a17118cfac5b35b6707025364dd5eea6fcba1eccddfa85fc52d68871b0a672be"
"docs/build-orders/ITRGA_REVIEW_W2-U02.md","261f5cd35b792d509d949090adb346b17d29ffe2fc9ced4bbdf98edc99cc0ee7"
"docs/build-orders/ITRGA_REVIEW_W2-U04.md","a58015fa8b37ab1b9671ebe68d095a3f5ffa0dde2b0ac0f777f64c21ced7500f"
"docs/build-orders/ITRGA_REVIEW_W2-U05.md","c4ef838eb21215097cc4da52289233127d00736792b6151d1f54a769c5855ca8"
"docs/build-orders/ITRGA_REVIEW_W2-U06.md","91920f6164eb44ed2552d8eeba1c9543b9f3c46f5189c9d44d0b53b64756f79e"
"docs/build-orders/ITRGA_REVIEW_W2-U08.md","af6a1e8598960eef0ae714f82fd5f7b62069ae1bde23ed59db12b2305de6dc36"
"docs/build-orders/ITRGA_REVIEW_W2-U09.md","c9e8ac292e855668c0c0361ad645cbfedd6e914fc1d7403862e515b73cda6023"
"docs/build-orders/ITRGA_REVIEW_W2-U10.md","96b1b3374e433efc803dbcbe145ea012cfdb1d0cfcdf3fc8e48a4f5d4595e80c"
"docs/build-orders/ITRGA_REVIEW_W3-U01.md","8b76786f5b30abf6801739c7583c0efe3d0f4ceabea67eaf9959d5c7fd011dfc"
"docs/build-orders/ITRGA_REVIEW_W3-U03.md","61e8ba9eda4b4a1f23a5f10e7a379e5c7dae5a20dae66a64ca1e7e2a3e25beb7"
"docs/build-orders/ITRGA_REVIEW_W3-U05.md","be5573c2611eb1e866d98b79b9f9e65058105bcf324809a841fa0e0c67222149"
"docs/build-orders/ITRGA_REVIEW_W3-U06.md","ee83918598e40fe1681245a4720b1729ec8aef7fcc789410bbd95b0aeee23e71"
"docs/build-orders/ITRGA_REVIEW_W3-U07.md","b102b732f1e9ff6a5e14b3e8a3769ca06d5da8c82ef2369e943046614e2df35a"
"docs/build-orders/ITRGA_REVIEW_W4-U01.md","5636d79df79b071a3a89d4f8b092161c1b01969fd06b166ba96cca5d3357545b"
"docs/build-orders/ITRGA_REVIEW_W4-U02.md","41bb2a4bdd6d9f38a63c7ee7f5b2d3b068e68362d47ca8d046fe0aaf331e42b8"
"docs/build-orders/ITRGA_REVIEW_W4-U03.md","f2733ecd914db8e7d7031be77ddc6982c11a0f01ec335043447d70a5388fa0c3"
"docs/build-orders/ITRGA_REVIEW_W4-U04.md","e496d3cd3a344165bab8ec0fa7658fd3ec198014f5dbec94cc5f1d8c1c8a7b43"
"docs/build-orders/ITRGA_REVIEW_W4-U05.md","7c60f07af132f04336561ab6bb8caba4bd5ccb6679eac602643677bea07dc5c9"
"docs/build-orders/ITRGA_REVIEW_W4-U06.md","cfee4f7ad9425e4bb8d9c1eb38b31e732ae1055f6cb9a3683130f65e4907bea4"
"docs/build-orders/ITRGA_REVIEW_W4-U07.md","27d3cf66bb76619d8f93052133b1193536f568afaed8f2cffe88d6349e1408db"
"docs/build-orders/ITRGA_REVIEW_W5-U01.md","d8a3cd8751371c8027e9deb21f54b3b684ad46146ec963d44424c1d0cf8df7d1"
"docs/build-orders/ITRGA_REVIEW_W5-U02.md","1df60e5918f251398af1eb3cc34fde67c3c7d4d7e6bde9e3fe4bc834c6de3145"
"docs/build-orders/ITRGA_REVIEW_W5-U03.md","5110899378403072b1f19df77d27d1198e5ea21a2b112dc99e0591e257c3894e"
"docs/build-orders/ITRGA_REVIEW_W5-U04.md","580e14ef680a213c632dd3d116e09fdcc76b28abc006b3a40363716f22df9f52"
"docs/build-orders/ITRGA_REVIEW_W5-U05.md","02ad53138011a39642d4c062d6dbe83fd97a1c07a90d9637140a5021cc0b8745"
"docs/build-orders/ITRGA_REVIEW_W5-U06.md","2f4c217121c624bfee0412abaec1f8e84b379fb691b7e7ec3d5b22060fb98fc5"
"docs/build-orders/ITRGA_REVIEW_W5-U07.md","39b1d38f6306c699ee3190deec8527f105907a62335487bef3442d33039b32ec"
"docs/build-orders/ITRGA_REVIEW_W6-U01.md","951f1a9d7cc5a921d61a4dd5764299be679ecae57d28901fcf40595bb765124a"
"docs/build-orders/ITRGA_REVIEW_W6-U02.md","d98e4d46415e128e9fa88c8bd0c089df29dcb6a7216bafec11dcbc57ffb419a3"
"docs/build-orders/ITRGA_REVIEW_W6-U03.md","49411a52cefbf2104cb38e627986230ca315507c3dda592ef8451b82f603b9a2"
"docs/build-orders/ITRGA_REVIEW_W6-U04.md","e731e3fed116a187c232745b27861b18d764b94349171a0a2ddb2d24d241d879"
"docs/build-orders/ITRGA_REVIEW_W6-U06.md","052ec5028f7f2e3ae5af7b10603561584e6d5314f45b27700dab6cde2f3ea4e5"
"docs/build-orders/ITRGA_REVIEW_W6-U07.md","228a7e664cb91338f9987193eb35b5b0cc78dfaac6e44bcb01d5a87e69dcc9aa"
"docs/build-orders/ITRGA_REVIEW_W6-U08.md","3b69b5ebd5dc1ac3bbff2d73c12ed2d1216a449320c34e885a82c2c029d31a1a"
"docs/build-orders/ITRGA_REVIEW_W7-U02.md","89070cff1d52ea0d0ffada3c62fab3211eabae7f6aebeac1ed2bf0a38cb915ce"
"docs/build-orders/ITRGA_REVIEW_W7-U03.md","5a54db57ec6db46a3cfd2c7d922bd1a385dd1d7474fddbf1f8b8314691c22321"
"docs/build-orders/ITRGA_REVIEW_W7-U04.md","98f61ca49dd7063e2a0fb5a27e6e9b8b899a8a7c683737ac62aab2eae43073c7"
"docs/build-orders/ITRGA_REVIEW_W7-U05.md","f9f17eb5f2edf5d60f5d43e4e2928a943326e8d4b8c0185b2ac4d1321c89eb0d"
"docs/build-orders/ITRGA_REVIEW_W7-U06.md","9af45efe6bb629d160e68ee6f834ca6609eaf8e16c1d92e2afaadd55b317f965"
"docs/build-orders/ITRGA_REVIEW_WAVE5_DESIGN_PLAN.md","0f5ffb985f3971a34bee8d6aaec3e425f8e99b35b4891ef728753f0517769f10"
"docs/build-orders/ITRGA_REVIEW_WAVE6_DESIGN_PLAN.md","3fdeb20936d0d017e4b1ac33c68d5bec1a288e1b10b501b52dfb67683e8ed390"
"docs/build-orders/ITRGA_RULING_TD-AXIOM-GIT-PROVENANCE_D2_EXCEPTION_COUNT.md","55e150caf1eb37bb84f4a60409eb42c2cb847cd1a613c539b5759e4340c50aef"
"docs/build-orders/ITRGA_RULING_TD-AXIOM-GIT-PROVENANCE_P2_SCAN_SCOPE.md","e903dcef4e948ee1faef11e15e737af4c98270765dd64753fc2b5a4b189baaac"
"docs/build-orders/ITRGA_RULING_UI-007-P04_C2_BASELINE_REF.md","758ca8b9b0572cba5301cb0ac3608b4c9b1b43ddd0d0198ad0d4f80c62663899"
"docs/build-orders/ITRGA_RULING_UI-007-P06_R6_AUDIT_WINDOW.md","c37467ff658555f38a3439869a2386b7585b7611a709e5fbeb5af1c897dd91c1"
"docs/build-orders/ITRGA_RULING_UI-007-P06_R6_WINDOW_INSUFFICIENT.md","f5bd70ebe1971a446b3b3ecd981600f2f3f0e2b2c7907852bd5f543f5b0ecead"
"docs/build-orders/ITRGA_SUBMISSION_W6-U02_OPERATOR_ID_USERS_TABLE_CLARIFICATION.md","4ace752f0a40e182c44c4ea989658b3396769595ce6c55a4983d0d1fa6c13968"
"docs/build-orders/ITRGA_VERDICT_W0-U07_FINAL.md","0be88d0e36aec14fddc5fccfcd644cc05f3df694c9cab8b24f03bc8ccefb5f60"
"docs/build-orders/ITRGA_VERDICT_W1-U02_FINAL.md","f20ea81de3453d747fd423f1c2f757c2152701f003a3819204b560939a959941"
"docs/build-orders/ITRGA_VERDICT_W2-U05_FINAL.md","afafad4fc20f1212babbbe84047cc46c70cfb8f8682ef3f12cc16ae2924c9fd5"
"docs/build-orders/ITRGA_VERDICT_W3-U07_FINAL.md","22e870699e50ca38bba118093df5386d79a830cf34d69b18c244bd1c4cc39690"
"docs/build-orders/ITRGA_VERDICT_W3-U08.1_FINAL.md","434fb4878308da7d0987880bcd8ae222c5d19ba411a500631fc82f75db588675"
"docs/build-orders/ITRGA_VERDICT_W3-U08_FINAL_AND_WAVE3_CLOSURE.md","bfe5b72136f52909bd8567d057edc9ef5d25b3487f81e28a3535bab3e47a6c82"
"docs/build-orders/ITRGA_VERDICT_W4-U02_FINAL.md","956bb3e03d7baf2b55f8cc45e6e3826e832954a93932798e001cd996266ecfcd"
"docs/build-orders/ITRGA_VERDICT_W4-U03_OBS1_CLOSURE.md","fef4d901e4b7a1e2b34b5b0dd0611e50e85b7017a818b6b7ae44c04bb71d6021"
"docs/build-orders/ITRGA_VERDICT_W4-U07_FINAL.md","92e9f1e5e8ee46e3d7af8fbe2669f5b25bf02b70a32ac54312df6113818fbc8e"
"docs/build-orders/ITRGA_VERDICT_W4-U08_FINAL_AND_WAVE4_CLOSURE.md","c89d44103439018bb0346acd71cfc6c9762182594053c93f64eeff137262bbb2"
"docs/build-orders/ITRGA_VERDICT_W5-U05_FINAL.md","029f22c7faa1db643f88cbc3e4c198d7f4151321b94093bef5748fdbe49963a2"
"docs/build-orders/ITRGA_VERDICT_W5-U06_FINAL.md","7461c963cc668d661535b18b496ef5d00ac85601e88b3a75af2fdc7b07d2bc50"
"docs/build-orders/ITRGA_VERDICT_W5-U07_FINAL.md","1b82e017533ec84d67656511784702fdfc1216b75df84a099fe1f238f9e900a4"
"docs/build-orders/ITRGA_VERDICT_W5-U08_FINAL_AND_WAVE5_CLOSURE.md","047720354f3701928c592620f2e73a83857c5b050b39846ac532538e888e9f12"
"docs/build-orders/ITRGA_VERDICT_W6-U01_FINAL.md","594dac2543d667d625213232ec954de72fb92c921c9888e7c52eedf69572a5ba"
"docs/build-orders/ITRGA_VERDICT_W6-U04_FINAL.md","9776fc38f58c80b8dfa4f69bc016417c623acbd83d83254c615611e5f3a65f94"
"docs/build-orders/ITRGA_VERDICT_W6-U07_FINAL.md","ae2669f1b144b2a3993f34136a98db3948c9bb5b5e0e477cdd7b13409704c5e6"
"docs/build-orders/ITRGA_VERDICT_W6-U08_FINAL_AND_WAVE6_CLOSURE.md","57188fe2d51a7bb35ba6d58e3a0af39a0703aeb12c7ee4f981dd11b12f2f2b7a"
"docs/build-orders/ITRGA_VERDICT_W7-U02_FINAL.md","2169a0b443c84f4bb7b912eba027d13f88d5f2fb697352ccae620d2bfcc5ea40"
"docs/build-orders/ITRGA_VERDICT_W7-U03_FINAL.md","a6941c0c5d72bfd7de2d3a12b28d54567f7e6da841dc36080680c5530d2ba9ec"
"docs/build-orders/ITRGA_VERDICT_W7-U04_FINAL.md","85b3c0ef54cfdd18fe7ce983b85c5b3c4f83d2d3548e6d145c342c60ddc42e09"
"docs/build-orders/ITRGA_VERDICT_W7-U06_FINAL.md","5e02956344e3fcb01263e390c64d8d8ff7f6276e957280fd798878780fad1afe"
"docs/build-orders/ITRGA_VERDICT_W7-U08_FINAL_AND_WAVE7_CLOSURE.md","43571444cd81fe12ae0321c1131b3ad2250ec76a21553e794aed073e767ee0e1"
"docs/build-orders/ITRGA_W0-U07_RESPONSE.md","cfcd2b93fbb10366ca9a3c809b13976c6117dae0b261e8ff0b155d9c4fda316f"
"docs/build-orders/ITRGA_WAVE0_CLOSURE.md","d56c85084a6bf8ede2523908c3bd80e6e2beadf04faf75c41799a7d93d21645d"
"docs/build-orders/ITRR_W0-U03-001.md","0f3f5afbd96f678d71f5f51eb1ee8e28b63db4e3d58640b9598852cfa5988167"
"docs/build-orders/TD-AXIOM-GIT-PROVENANCE_REDACTION_MANIFEST.md","2cd469386a98f5b7d0fe7506b3a644c4b3cbb7d70981726733643d696f109055"
"docs/database/SETUP_AND_MIGRATIONS.md","23dc79bde9d36278aa815c9d1b0bf84e9f5f27571f6af9badd67351a11a3c656"
"docs/decision-log.md","52e4b7d157e9fd16ce2dda2ed3d3a54991fe4c2a7f7f4020f96c65ce1739ab61"
"docs/ekms-overview.md","b228e4ca40fcd76b2d3a48d59d9bfcd2d7c0fb9eb96d9c9ac11e3df625a75e71"
"docs/evidence/AXIOM_COMPLETE_UI_CONCEPT.png","eecc55f03979596ca195a6655cf72cc32ad0fd944db7b6045e13c8715ef685d6"
"docs/evidence/TD-AXIOM-GIT-PROVENANCE_01_GITIGNORE_DIFF.txt","e3b0c44298fc1c149afbf4c8996fb92427ae41e4649b934ca495991b7852b855"
"docs/evidence/TD-AXIOM-GIT-PROVENANCE_02_DEINDEX.txt","96c35c8c87687ffd0bb1135461d84c548348b2d0d6f26d0ef62f1e42d53f0ca2"
"docs/evidence/TD-AXIOM-GIT-PROVENANCE_03_CONFLICT_SCAN.txt","4c01655557535a2efbdf7bca223a9390442bd9151c76d482bd7973b2e33ed93d"
"docs/evidence/TD-AXIOM-GIT-PROVENANCE_03_DIFF_CHECK.txt","6fcec8a40598062da378a4207ff7d9fd54bd888fe0cb2ffefda2807fea31d333"
"docs/evidence/TD-AXIOM-GIT-PROVENANCE_04_REDACTION_AFTER_DEINDEX.txt","f6c4d7ff63376a07ece7cbbf787bcd8b54c61e99ccc58c08aefafe195c1446ed"
"docs/evidence/TD-AXIOM-GIT-PROVENANCE_04_REDACTION_BEFORE_DEINDEX.txt","6e679ae0adb56cfcf8d65097de64da317ba8df186b13eb3148c78bdde5b1dbb7"
"docs/evidence/TD-AXIOM-GIT-PROVENANCE_07_GIT_ADD.txt","6fcec8a40598062da378a4207ff7d9fd54bd888fe0cb2ffefda2807fea31d333"
"docs/evidence/TD-AXIOM-GIT-PROVENANCE_07_GIT_STATUS_PRE_COMMIT.txt","8d14f09f07c4e7415008e4e109bbe903ba55c2f167ec9e9aedffbe07dfca8333"
"docs/evidence/TD-AXIOM-GIT-PROVENANCE_07_STAGED_DIFF_STAT.txt","06e59ed0d0691baa7169f445eef3db106ec317984d9e0babf77b0c4a8eb94d7a"
"docs/evidence/TD-AXIOM-GIT-PROVENANCE_08_STAGED_VALUE_SCAN.txt","b5edead21b150ac07b8c2bb5569e2e5b90e7e98a594e8d6de33a68b5d2c8e27d"
"docs/evidence/TD-AXIOM-GIT-PROVENANCE_OPERATOR_EVIDENCE_COMMANDS.md","e9c3b8d4929716e3f08c0cffcda5410037dcd99c1aad47bb814101ce691d05c6"
"docs/evidence/TD-AXIOM-GIT-PROVENANCE_OPERATOR_RESULTS.txt","e460db6943546bb67072d46821c4845875e11d450f1681a67188ab303cfaa8ad"
"docs/evidence/TD-UI-POSTCSS-HIGH_FRONTEND_FULL_VITEST.txt","fc6b5463d02736ee9256c80ff35b87c1ffac14554b89e9ba64d91b55f8164b3d"
"docs/evidence/TD-UI-POSTCSS-HIGH_LOCAL_CI.txt","fb6f3919c944dd545ac521126c41d8bd4506a1f8b1c546a4cb6dd61913dbebce"
"docs/evidence/TD-UI-POSTCSS-HIGH_REMEDIATION_OPERATOR_EVIDENCE_COMMANDS.md","a9efe7b8006dd30c1ab0de1ac958a6010db2778e85bf93e0a161253ef68d55cc"
"docs/evidence/UI-001-P01_ALEMBIC_CURRENT.txt","d3e5e5e9dfa67100391c8a2782286d9b079e2473551d09ca1b11ca4a47a04108"
"docs/evidence/UI-001-P01_FRONTEND_BUILD.txt","46b32e1909a536e10589822e6425c814e26306f104b4727829fad20c03282252"
"docs/evidence/UI-001-P01_FRONTEND_TESTS_VERBOSE.txt","b4cb4f2932434f8a2bc9e73a86e8e25822c0db9c906c1d19bd5fbb7a027d6b0a"
"docs/evidence/UI-001-P01_LOCAL_CI_TRANSCRIPT.txt","b8979dd72bed0de486384bdd67e5654992216e530a569003721b3c1deddefd0f"
"docs/evidence/UI-001-P01_OPERATOR_EVIDENCE_COMMANDS.md","d6c4fb30287c85d01f9e32005ad2cb8af5551280e647e46fc82509d363cad0c2"
"docs/evidence/UI-001-P02_ALEMBIC_CURRENT.txt","d3e5e5e9dfa67100391c8a2782286d9b079e2473551d09ca1b11ca4a47a04108"
"docs/evidence/UI-001-P02_CA_CORRECTION_COMMANDS.md","5a205f3bc059b13dd871f90b081d357fa37f09182e9f0e31c849466ff15d09bc"
"docs/evidence/UI-001-P02_FRONTEND_BUILD.txt","6d2177ad6c42ee26989c6ab742d60723dc740e325f91e6019e7abd405721f71a"
"docs/evidence/UI-001-P02_FRONTEND_TESTS_VERBOSE.txt","c8c83b9658a523c61327b13949281706a192e4283bb12f39994b1eb8bb43394b"
"docs/evidence/UI-001-P02_LOCAL_CI_TRANSCRIPT.txt","d09c52a12a538f8f100feb2442c1da1614f6876d44fefc177473e589b9e75b88"
"docs/evidence/UI-001-P02_OBS_P01_1_VERBOSE.txt","8fc8ee5888ebbbd7c14a9e94604c5758e0397e7390115c83cb6a9fcfccad81c7"
"docs/evidence/UI-001-P02_OPERATOR_EVIDENCE_COMMANDS.md","7ed3d07ee50ea0a206b2c6604be2dae50c7fadadf99c8bdff54ab7e61ae0d903"
"docs/evidence/UI-001-P03_ALEMBIC_CURRENT.txt","d3e5e5e9dfa67100391c8a2782286d9b079e2473551d09ca1b11ca4a47a04108"
"docs/evidence/UI-001-P03_FRONTEND_BUILD.txt","545b9409583e9cb2cac3cb70e6f3b1e6f597bda687af15d6a75fecfe0799b4e0"
"docs/evidence/UI-001-P03_FRONTEND_TESTS_VERBOSE.txt","372570a08f786a8b3979cc78dcd6ca24b4bc3eb3ef321d8afe59b8621111c2e0"
"docs/evidence/UI-001-P03_LOCAL_CI_TRANSCRIPT.txt","14d67dadfdf7eab824fed1f5673245d89d6d729d560bd838a415db8bcd5eacc5"
"docs/evidence/UI-001-P03_OPERATOR_EVIDENCE_COMMANDS.md","3defe401d1d169b8a233f46c803216f26c99bc91082e04a17eac3fc4f905d026"
"docs/evidence/UI-001-P03_PANEL_TESTS_VERBOSE.txt","ced5f83d988c2b4b62e99bcf55dba50ef4f81bc5160ed8fffbd09f0fa4cee7d8"
"docs/evidence/UI-001-P04_A_READ_A.json","897cd9c248b41b5b08eebea385ad3750d8c912d859c9d22cad41677ac699ca07"
"docs/evidence/UI-001-P04_ALEMBIC_CURRENT.txt","d3e5e5e9dfa67100391c8a2782286d9b079e2473551d09ca1b11ca4a47a04108"
"docs/evidence/UI-001-P04_B_LIST.json","15618833b095d3f04539faa2afc6f79df90a754e8c716c0c3c0cfa442969279b"
"docs/evidence/UI-001-P04_B_READ_A.json","74a8287a820b8bfdddfe0f58b47a509c43849b0e3a0be42d1d7be97e75ea3589"
"docs/evidence/UI-001-P04_B_WRITE_A.json","74a8287a820b8bfdddfe0f58b47a509c43849b0e3a0be42d1d7be97e75ea3589"
"docs/evidence/UI-001-P04_BACKEND_TESTS_VERBOSE.txt","9df8a3ec1cb9e0fc778db9e8a7847391ac3a15948ee514bae89be7db9360b9d7"
"docs/evidence/UI-001-P04_FRONTEND_BUILD.txt","8aa66e180889a21c62a71c7dfa0fc05d0c3cef5b6b765633e6c62cdabd5a9dba"
"docs/evidence/UI-001-P04_FRONTEND_TESTS_VERBOSE.txt","65e8c9cd47e72bd95ca1aa0807b510cdc9638f6af068c7b7732c3b7c6b558c41"
"docs/evidence/UI-001-P04_LOCAL_CI_TRANSCRIPT.txt","a7c488a2ad1848ae6a7e23d5c1085f5087ca7bb4a2e94f22eeba786396a2613b"
"docs/evidence/UI-001-P04_OPERATOR_EVIDENCE_COMMANDS.md","77f3d2b041ac62caa96a64d1d884bf7c29ab7e24ac157866ddb26c31f8977d09"
"docs/evidence/UI-001-P04_SHELL_SEED_OUTPUT.txt","42129013ff19de307ce0cf4154090ccbccb06e723821d03aefa2b3282b9a3e6c"
"docs/evidence/UI-001-P04_TWO_OPERATOR_SEED.json","ad10fef5d8b998f0fcdf139d59d7ba14ea93a2f78b82f7f260e0498b2252a75b"
"docs/evidence/UI-001-P04_TWO_OPERATOR_SEED.txt","81df376717682b6f4ddf6702f087374ac42bc3921fa9d53d6451408cef0b8017"
"docs/evidence/UI-001-P05_ALEMBIC_CURRENT.txt","d3e5e5e9dfa67100391c8a2782286d9b079e2473551d09ca1b11ca4a47a04108"
"docs/evidence/UI-001-P05_FRONTEND_BUILD.txt","875800fda03a54383b66a151a90cf90e1882152b122739614f1abecfad5c642c"
"docs/evidence/UI-001-P05_FRONTEND_TESTS_VERBOSE.txt","5533786a2c81780f58763739a711a3ff3a80750400069a2a7f459a847d9e3680"
"docs/evidence/UI-001-P05_LOCAL_CI_TRANSCRIPT.txt","25085454d63165ecd41c82b88f33fbae898cc99314893d26313890c90c8816c1"
"docs/evidence/UI-001-P05_OPERATOR_EVIDENCE_20260721_224804.txt","5a3be232f1f96bad65ce284cf4fb9009102dbc3c43e02a0debe84e82d79e61b2"
"docs/evidence/UI-001-P05_OPERATOR_EVIDENCE_COMMANDS.md","c378d63afa805f5aeef674b9ec607c39c91c9ca8773f512048c6789d212f1c73"
"docs/evidence/UI-001-P05_OVERLAY_TESTS_VERBOSE.txt","65b878113eab9f4a92a8aade850930683e549d9674d54072dd38cd251ee1ec90"
"docs/evidence/UI-001-P06_ALEMBIC_CURRENT.txt","d3e5e5e9dfa67100391c8a2782286d9b079e2473551d09ca1b11ca4a47a04108"
"docs/evidence/UI-001-P06_CA_CORRECTION_COMMANDS.md","4e95d6f4191d160a2f06968505bf129b21281f16ca3b7bbc25346d917648225f"
"docs/evidence/UI-001-P06_FRONTEND_BUILD.txt","17ad536636e24b16869180604206f72e8eb2cc360848aa810d8324aff399a701"
"docs/evidence/UI-001-P06_FRONTEND_TESTS_VERBOSE.txt","81f4d1f65595a4abbd8fc4d05d485fae794859a037416b44df8822a250be18bc"
"docs/evidence/UI-001-P06_LOCAL_CI_TRANSCRIPT.txt","daa0962823e6fb71bf7d669d60d434a919ea06a4b404312db335176c7f8d264d"
"docs/evidence/UI-001-P06_OPERATOR_EVIDENCE_COMMANDS.md","f09619e5dcce1fcf8e2ee96cc89b967c253f6e6878c12577e4ffceaf198ffc15"
"docs/evidence/UI-001-P06_SHELL_TESTS_VERBOSE.txt","7861514c4d1dc93a5005df839f29c251626a9f8f2b6377da29d9b8dcdb8558bf"
"docs/evidence/UI-001-P06_TERMINAL_LAYOUT_RETIREMENT_FIX_COMMANDS.md","dd4455093d878ba4235cdf84eed82c6db65ad5591f51ac6ba561b68ad8b4f819"
"docs/evidence/UI-002-P01_LOCAL_CI.txt","61b43b50baeed6b1b72c8dd459e76ee35b57eebdc9db7cb31ada9362d626cd72"
"docs/evidence/UI-002-P01_OPERATOR_EVIDENCE_COMMANDS.md","847458410f0e7a843c9692218a27ee09366fac8ea87ccf8035bf5a22efc3c8ce"
"docs/evidence/UI-002-P02_LOCAL_CI.txt","3a39b6928c4e16cec469904efa1376076ae67ef4bee6cd7abb4387eecec4e81d"
"docs/evidence/UI-002-P02_OPERATOR_EVIDENCE_COMMANDS.md","6a6ae991599b0e10d8b02433b3843799eaf49ba10d81ab9d9acb7bde0e4a20fa"
"docs/evidence/UI-002-P03_LOCAL_CI.txt","a6c85fc3371990a2f3277563b34e98de9e16a167b4dc6030068c3f5eb941b8e1"
"docs/evidence/UI-002-P03_OPERATOR_EVIDENCE_COMMANDS.md","d6bd31c1f8482602bf595bc7375995b7b1de94c590fa49f7629eb0c646bf77a5"
"docs/evidence/UI-002-P03_SCOPED_DIFF_STDERR.txt","e3b0c44298fc1c149afbf4c8996fb92427ae41e4649b934ca495991b7852b855"
"docs/evidence/UI-002-P04_LOCAL_CI.txt","2966d45bdea837cb712f477c6447989de436bb7bb3bafaba6c1c63cad6136396"
"docs/evidence/UI-002-P04_OPERATOR_EVIDENCE_COMMANDS.md","6c4abb1d43c67337fa2e4e1a389dea4692df03b9cceaa26d657965f5e98c0d46"
"docs/evidence/UI-002-P04_SCOPED_DIFF_NAME_ONLY.txt","9def0a93b0833aee19e01f9897ee7e90e56de4a21864acb3418f7d6c7aebbb7c"
"docs/evidence/UI-002-P05_CA_CORRECTION_COMMANDS.md","a3ee3358411a190c0705ba4d9e760b694737e0b87ea1a18eefea56a5a9fa80a2"
"docs/evidence/UI-002-P05_LOCAL_CI.txt","4525c78668537ea5bb3219c0061d49c050277cb3d05e918ae7184ac257592716"
"docs/evidence/UI-002-P05_OPERATOR_EVIDENCE_COMMANDS.md","aebde91357716743a19311bcba53442579ee3a814d05d4bbf15a661536ad4e5e"
"docs/evidence/UI-002-P05_PHASE_DIFF_NAME_ONLY.txt","b1cce10194a9ff7ba21894c3c55081f9722e1ee021115a98b954acf64e0a80e5"
"docs/evidence/UI-002-P05_PHASE_DIFF_STDERR.txt","e3b0c44298fc1c149afbf4c8996fb92427ae41e4649b934ca495991b7852b855"
"docs/evidence/UI-003-P01_LOCAL_CI.txt","a8d50bf688162513f392c7df534546e5fcb636f49aa65f1ba29c480a6988cbf8"
"docs/evidence/UI-003-P01_OPERATOR_EVIDENCE_COMMANDS.md","71a2120251f8e79845b91a4e47ef59b065ffb83efeaaefa124902e96cd12b105"
"docs/evidence/UI-003-P02_ALEMBIC_CURRENT.txt","d3e5e5e9dfa67100391c8a2782286d9b079e2473551d09ca1b11ca4a47a04108"
"docs/evidence/UI-003-P02_CA_CORRECTION_COMMANDS.md","945fff2a72e539cb2f90d947751eb323bcea1ef9c72b733687508b343e860d4f"
"docs/evidence/UI-003-P02_CA3_ALEMBIC_CURRENT.txt","d3e5e5e9dfa67100391c8a2782286d9b079e2473551d09ca1b11ca4a47a04108"
"docs/evidence/UI-003-P02_CA3_PERSIST_THEN_PSQL_COMMANDS.md","6577807c08dd9eacecf35a00cb88011c5cf89b7e3fc82035596e74bffee571d6"
"docs/evidence/UI-003-P02_CA3_WATCHLIST_AUDIT_ORPHAN_CHECK.txt","fb5f606b74f478dfd78063a538593891c28c5103e428672f48997ce6b3479813"
"docs/evidence/UI-003-P02_CA3_WATCHLIST_OPERATOR_ORPHAN_CHECK.txt","d19d78d593cafff99b8c27d04e94ecdf7b0c44450de6f2f1d499537d72bce77a"
"docs/evidence/UI-003-P02_CA3_WATCHLIST_RAW_PSQL_COUNT.txt","7c34ae57bdbffe99276a6e5f407efd10b985ba8fd703c57dbcc67de956cfe23f"
"docs/evidence/UI-003-P02_CA3_WATCHLIST_RAW_PSQL_FORBIDDEN_CHECK.txt","a3de05b01d946546d995ba8ff0da71ba71fd413f74c2afc79ba1b273c7599ddf"
"docs/evidence/UI-003-P02_CA3_WATCHLIST_RAW_PSQL_FULL_ROW.txt","ebbf0b001b59472d06862c1b9cd139bffa0de5111c00f0077b22823a926699fb"
"docs/evidence/UI-003-P02_OPERATOR_EVIDENCE_COMMANDS.md","a429fb3b947b38e3dc740bfb288e30efd69b55a553fae059ab24850538c04ae1"
"docs/evidence/UI-003-P02_WATCHLIST_RAW_PSQL_COUNT.txt","838890045f5898bbe87be05e9ad1ed881052af527be4b61b1e4aa312022c5f00"
"docs/evidence/UI-003-P02_WATCHLIST_RAW_PSQL_FORBIDDEN_CHECK.txt","79a78ff0a2344bbb26c67278467917d35b3498e927c67bfdac165f5825a88844"
"docs/evidence/UI-003-P02_WATCHLIST_RAW_PSQL_FULL_ROW.txt","7429b532191badda3d061f9fbeef1842d78c69aa80b4b4e1e115de6108e5731d"
"docs/evidence/UI-003-P03_LOCAL_CI.txt","ca9254ee4d22a01a7e3388d4f529167c9c4c43b7fe9107b436c872a0201e24da"
"docs/evidence/UI-003-P03_OPERATOR_EVIDENCE_COMMANDS.md","539098b2cd4728abd24d59eaba2d72db98dde130e65822ed5b6d512328a5fa01"
"docs/evidence/UI-003-P04_LOCAL_CI.txt","83942d2bf2ee07fd1a8303ec35cf09a3ca1f45fcf16b8c0375546b356045e4f1"
"docs/evidence/UI-003-P04_OPERATOR_EVIDENCE_COMMANDS.md","b5039fc2183ead66e528d644abbe8158125f1f480203f01cda029dcccae88ce2"
"docs/evidence/UI-003-P05_CA_CORRECTION_COMMANDS.md","b53eefb142cffb425c0e2621e48bcdfdf96fbb3872fb012de0617745cdc26092"
"docs/evidence/UI-003-P05_CA_FRONTEND_FULL_VITEST.txt","679cd6f9aae80336d8864c9158ab35185f56584840f1a8561d0ea38ec390f998"
"docs/evidence/UI-003-P05_CA_OPERATOR_RESULTS.md","eed0ad573fe49ffa880952aab9912208034146d29b65760d62e9f721c9d6ee1e"
"docs/evidence/UI-003-P05_LOCAL_CI.txt","d1e0b63ff318094c76bfabe2a97c32fb9557bb0542a45ceb5b82ed5acf37e577"
"docs/evidence/UI-003-P05_OPERATOR_EVIDENCE_COMMANDS.md","808e2adde0eaab9fe88e40915bb0a5a6f4db1b414d8bc544a070a44c145d85f5"
"docs/evidence/UI-004-P01_FRONTEND_FULL_VITEST.txt","fa2a75c4bacb23bb03428acdb5affd70c722de987270067f5f664bfa8f208394"
"docs/evidence/UI-004-P01_LOCAL_CI.txt","7898a0d218d278a6bb4a2b2c3804c4f9114b93a20a3637f19e383e2d031ba3a4"
"docs/evidence/UI-004-P01_OPERATOR_EVIDENCE_COMMANDS.md","9e2ea8ffe873e2ac23052802ff172e351c4ae1f0e2d921df17a23d20a1a9edc7"
"docs/evidence/UI-004-P02_FRONTEND_FULL_VITEST.txt","7f65d0d645fba33460e01a6aeb37648d58901db5e9ad06c51383cd946ce94ea9"
"docs/evidence/UI-004-P02_LOCAL_CI.txt","70999643f35574a477ecce907530c6956a5aafd7a31ef57c7e94f2a4e35dde98"
"docs/evidence/UI-004-P02_OPERATOR_EVIDENCE_COMMANDS.md","538b758369f5cc6f2eb64b817b7fe7a36a137ee057eedef4c7f2beb1025b5d74"
"docs/evidence/UI-004-P02b_FRONTEND_FULL_VITEST.txt","d0407619a464ec6fb41a89a3d5750e3205b3b57689bfbf0b8f83ae3f55e3eca9"
"docs/evidence/UI-004-P02b_LOCAL_CI.txt","a4b8ad88fbd09ba7fc57ab2cae58c808b68ef719ee95956fa1c94ec69fe2061e"
"docs/evidence/UI-004-P02b_OPERATOR_EVIDENCE_COMMANDS.md","01f0e8d898316964d2ea1a5c03cea79029354d43ec3ada505740705c7b2eae91"
"docs/evidence/UI-004-P03_FRONTEND_FULL_VITEST.txt","a921aaaa1443316d1953b3faec0674c01ea2d7655c71383ce19cc94d85e6292f"
"docs/evidence/UI-004-P03_LOCAL_CI.txt","a52b8673eb8a05fcb06c31f162b75b6099c1d62042328f027a17c53b70ae41d9"
"docs/evidence/UI-004-P03_OPERATOR_EVIDENCE_COMMANDS.md","892b775265ce280ca564ef55a001fe3c9d822b16330111b9c79ac5f9b0dbfb0f"
"docs/evidence/UI-004-P04_FRONTEND_FULL_VITEST.txt","eb2613b554030cd0d591cf6f52860cb9d1ab91d43210a17096483a452af07737"
"docs/evidence/UI-004-P04_LOCAL_CI.txt","e5f8774786c72effa3ca9fe7e147882aa19f183a7c13ceab322606f498095e54"
"docs/evidence/UI-004-P04_OPERATOR_EVIDENCE_COMMANDS.md","512a06a6c4fa2c7cedcebc49b57ce75441916f81f656b6aa3d289026fa6c7306"
"docs/evidence/UI-004-P05_FRONTEND_FULL_VITEST.txt","5882e99b0746eebf556f3e1803e06636cc1f7f4eeb6221abe6d8b51247d756d5"
"docs/evidence/UI-004-P05_LOCAL_CI.txt","cd1e5072316cb191511b7b687b805e29aa833e0a5278e788997d5c0b17cd3f50"
"docs/evidence/UI-004-P05_OPERATOR_EVIDENCE_COMMANDS.md","2ef957b613a566116ff6f5c23052d4ab9844d98427aef60dc6f9a3423ed4a61d"
"docs/evidence/UI-004-P06_FRONTEND_FULL_VITEST.txt","34e8254dd0b7b0ec16e3082bc59eb270b20a1854b4e35c07fbb760df9f720788"
"docs/evidence/UI-004-P06_LOCAL_CI.txt","001799effe603abc97bc0e00dbfa489e8450571342b68bce1d62dd4bd9d72784"
"docs/evidence/UI-004-P06_OPERATOR_EVIDENCE_COMMANDS.md","0d9641194a672a42f09f0d4506c24611badfdf759394e692767bd14885a497f2"
"docs/evidence/UI-005-P01_FRONTEND_FULL_VITEST.txt","b3c2806b75532bdf730de69287b668c5376df57a8ecb486937800d74a09cb25a"
"docs/evidence/UI-005-P01_LOCAL_CI.txt","0ffea467ed6ba78eb0194dfecb2256d71d2153108b38f19aa3a42e75304abf5a"
"docs/evidence/UI-005-P01_OPERATOR_EVIDENCE_COMMANDS.md","6416df98a42fcd17cc80f7b550a0bf1660f52251f04cf48004edf77ec24a2739"
"docs/evidence/UI-005-P02_FRONTEND_FULL_VITEST.txt","4c675b4ac6d8f553deb5846e177859bad7a766a78b601ac7af08c400b4a81a2c"
"docs/evidence/UI-005-P02_LOCAL_CI.txt","40bad2491f87868a2adf40b4046fb0bc52eba89886f51dadcb51a00602eeec82"
"docs/evidence/UI-005-P02_OPERATOR_EVIDENCE_COMMANDS.md","785c513f472d4b8bcdeb6058fd827c3e1a4d3ce6562fa754a1ca96161d47063c"
"docs/evidence/UI-005-P03_FRONTEND_FULL_VITEST.txt","93af040040e83acbc7ec3cc72c31f6b7c6f12fa32904cd5407635dafd0ddecdd"
"docs/evidence/UI-005-P03_LOCAL_CI.txt","4ebf3699f389169e4d37bacf26a81383b457503c92bc08db0f3a90f407275b2b"
"docs/evidence/UI-005-P03_OPERATOR_EVIDENCE_COMMANDS.md","0330566c26bf5ca848001b33af5c9fa77f71cb1706a1070c59515a1557c1f939"
"docs/evidence/UI-005-P04_FRONTEND_FULL_VITEST.txt","f0781a0df23464a45f1c105ee1fa6cc97c7bcc1db71ba1e1d668a4e2a3609d95"
"docs/evidence/UI-005-P04_LOCAL_CI.txt","cde5b15252eb4209d1b2e56f17b4ec322993d5983ea8cfea8150ecf533c9c31b"
"docs/evidence/UI-005-P04_NAMED_VITEST.txt","61529693c2473cd6f3861a0379eeaaf81969c1869750c59bc5196fea4369877f"
"docs/evidence/UI-005-P04_OPERATOR_EVIDENCE_COMMANDS.md","2033aff70befbac3330d426f1b9abbcfbaa660d7df30653092f4c000c8eba3ce"
"docs/evidence/UI-005-P05_FRONTEND_FULL_VITEST.txt","4421615bd2bb0a4b41cc00b51b2a26fc5a9845b100e82cbf960d4bef6b7908d1"
"docs/evidence/UI-005-P05_LOCAL_CI.txt","05f4c404688ea4de1a8b04e152776d4fb2d0d39b8736817a0d5b38d8be3371ae"
"docs/evidence/UI-005-P05_NAMED_VITEST.txt","2a5193fad63f8b38083bdc868d10e03c3496793dae8e92e3fdff042c4c862e72"
"docs/evidence/UI-005-P05_OPERATOR_EVIDENCE_COMMANDS.md","0b7e1060c9de9d8408b029f0158f905ed6d5bde9881f9d56b5bac40e83277aa5"
"docs/evidence/UI-005-P06_FRONTEND_FULL_VITEST.txt","5ba1f39a9842ab8f00d06634855a83edaaf5c18b81ec2364bc8a76e6f55e9dc4"
"docs/evidence/UI-005-P06_LOCAL_CI.txt","0dd9e02e06c9da385dd3f24873495383efe8eb195840f775765d008d2a374af7"
"docs/evidence/UI-005-P06_NAMED_VITEST.txt","e814afc1c5e0b183c2e9e8aca1e5d68537258981e13deda65e0654bd24f897f2"
"docs/evidence/UI-005-P06_OPERATOR_EVIDENCE_COMMANDS.md","bce7584f608e145a742b86a2e85506317c5a4959b006e7e0bc3b428fe5c362d3"
"docs/evidence/UI-006-P01_FRONTEND_FULL_VITEST.txt","9208e12b6449dc4b10c42d63bf6d3dc8acdc5bd398d66cf7612200dda28453d7"
"docs/evidence/UI-006-P01_LOCAL_CI.txt","cf153834db610b78ae7904291ec088f1d89e6198d9fa459493ae0d6fd6c16c60"
"docs/evidence/UI-006-P01_NAMED_VITEST.txt","1afa6cf0f560f1f4885024ef53df3f7185162906588b09c7d1a8f28b4538ef39"
"docs/evidence/UI-006-P01_OPERATOR_EVIDENCE_COMMANDS.md","59013e6618690ee7bac69e4ef3cbf38da30d63db9502487f7a817e27906648c5"
"docs/evidence/UI-006-P02_FRONTEND_FULL_VITEST.txt","34bec894d1b511a245b0297ae115a3bedf811b75a7a3093496fac60f4544321f"
"docs/evidence/UI-006-P02_LOCAL_CI.txt","3f5ec03eb4907e89543aaa4a4de0df34f5cb2d1b6eee28a6342e952f6eac8bed"
"docs/evidence/UI-006-P02_NAMED_VITEST.txt","3a2d1af5c935b3dbcffac4e2f8db513806ac5631fe1dcbd860a15a3ce13f176c"
"docs/evidence/UI-006-P02_OPERATOR_EVIDENCE_COMMANDS.md","32ceb3cbad6634024f63be58df04ef3c9ca888ea42147956ab6f46c31d0ea9fb"
"docs/evidence/UI-006-P03_FRONTEND_FULL_VITEST.txt","273290a286de5a3f4b675eb52e12360b54e88d987b69cc6faca3ae233bdbb309"
"docs/evidence/UI-006-P03_LOCAL_CI.txt","84487e8cc908dc97daddea26e70b6ea823790bc23778235e146a68c550abb6f3"
"docs/evidence/UI-006-P03_NAMED_VITEST.txt","680584856dcedbe58be97b2489602fdbdb8d100761cd0e60272c2bd68a55ab4a"
"docs/evidence/UI-006-P03_OPERATOR_EVIDENCE_COMMANDS.md","a89737029cc0fd0cdf5e25cf5a1a162059ecbc32ae63f58b7dfb44bf6b3a3790"
"docs/evidence/UI-006-P04_ATTEMPT3_MEMBERSHIP_CAPTURE_COMMANDS.md","23a9113814509da1adf66e5ed4563f0bf39c3ee8546812b4986c9a2d7ec6add2"
"docs/evidence/UI-006-P04_CA_PERSISTENCE_CAPTURE_COMMANDS.md","03d4fd0bb3442332899585763607acbad543554437ab260b5948ccddf9b4611d"
"docs/evidence/UI-006-P04_FRONTEND_FULL_VITEST.txt","ad64eda3cf4a695a9958792fbde18bbe65f3b4986902a56b8df3e07a5e632ea1"
"docs/evidence/UI-006-P04_LOCAL_CI.txt","8885cbce2ba0e14700a71924870af80ee41fe2baa1f6f5b78251dee7bdde7b31"
"docs/evidence/UI-006-P04_NAMED_VITEST.txt","9fb4be313ac5c605fe3327cf9eab5f8875591476f77c4c6c1442299525caf65c"
"docs/evidence/UI-006-P04_OPERATOR_EVIDENCE_COMMANDS.md","3ef24f9080aad3406510f63d536595a2995114fe218ffe4999c28eb40419db7d"
"docs/evidence/UI-006-P04_OPERATOR_RESULTS_ATTEMPT1.md","3ffbc440bf8d091d0017bfdf15f6839a0a09e8a416e23abff51ee283aae33494"
"docs/evidence/UI-006-P04_OPERATOR_RESULTS_ATTEMPT2.md","26a01a92bc5313a94901474545692a26b031eb190f79d3137cc6b4d13024f1b8"
"docs/evidence/UI-006-P05_FRONTEND_FULL_VITEST.txt","63c001055927341463f914acd055734954b31236330b4fdd019585b3adce54e4"
"docs/evidence/UI-006-P05_LOCAL_CI.txt","a7fc4159b9273e80c9a9077c450111cec5c0509220829f751801fd378fe8ce53"
"docs/evidence/UI-006-P05_NAMED_VITEST.txt","61a9f965cc113f49399b5ed8e45f22b2deb5f9680f0eb9824b193981e22505ac"
"docs/evidence/UI-006-P05_OPERATOR_EVIDENCE_COMMANDS.md","c7d55ae0379fae8d7c0de04bb0bf45087a01b2144449752383d08778c3ec907c"
"docs/evidence/UI-006-P06_FRONTEND_FULL_VITEST.txt","74148c7ba7fcfc0f58d7e4f5d972c2343099dc6b78bb06e4217ec094d6026bb9"
"docs/evidence/UI-006-P06_LOCAL_CI.txt","64fb6555b50d96f4bf2f8db3cabeb2349470c15a60b3853625bc759f8e4c20d3"
"docs/evidence/UI-006-P06_NAMED_VITEST.txt","5c37bece3c82c8bc70f891ebecfea06d6738dc7a1a829111508cbcc870189cf7"
"docs/evidence/UI-006-P06_OPERATOR_EVIDENCE_COMMANDS.md","1c784582f74b288b03db7960ad57acb0d4e54a4314dbc9ad2de278586d77a6fe"
"docs/evidence/UI-007-P01_FRONTEND_FULL_VITEST.txt","7bddebc543f283be79dae7cf744ed85f1a7e28b2806a4fb1b1e6da47fc1c6596"
"docs/evidence/UI-007-P01_LOCAL_CI.txt","f8f55567f2db17dc926efab64e90a737ae8e310a74928498e2c35e55a10777be"
"docs/evidence/UI-007-P01_NAMED_VITEST.txt","f5d33da90de45b3a92628894ecd609f61a77d3d32ab8f4bffcae6380dd8b0d34"
"docs/evidence/UI-007-P01_OPERATOR_EVIDENCE_COMMANDS.md","04849c0b06876f85face320f9fffccac5b9b9b8bebe456d2fc1430878eb51439"
"docs/evidence/UI-007-P02_FRONTEND_FULL_VITEST.txt","08333cb8e3107d5048ce064aa8fe32bb9469eb825c830f6f08aed5cfdfb1074d"
"docs/evidence/UI-007-P02_LOCAL_CI.txt","d8237f714fa8a73b73c1b671380672fbd7df675fa43b91b629df70843ce20741"
"docs/evidence/UI-007-P02_NAMED_VITEST.txt","c45d88e1d3ac730d610916ce6f9fee40b5b41a8ec166bc063629a605ef7de289"
"docs/evidence/UI-007-P02_OPERATOR_EVIDENCE_COMMANDS.md","d2155610d4dcc76a51f7fd7153d80f7c16b2c26e377a4a1bd839f3844d6cbf57"
"docs/evidence/UI-007-P03_FRONTEND_FULL_VITEST.txt","f7b96e5224c2d9e22743a0d343f210bf633a9e0c3c6d7d7ad5db7320a888fe10"
"docs/evidence/UI-007-P03_LOCAL_CI.txt","efa6f8d1707e0f873d581cad8683a12b6e47d74e5887bb8cb46b5ce5a91e3823"
"docs/evidence/UI-007-P03_NAMED_VITEST.txt","4c1a4ae80282e58682c8d4de38515168e4c4451409d260904bc97339a831d38d"
"docs/evidence/UI-007-P03_OPERATOR_EVIDENCE_COMMANDS.md","ac5575879e0b59819191a090b0bc553c2ec0207fa2d79ee850c9afda5e94446b"
"docs/evidence/UI-007-P04_BACKEND_PYTEST.txt","7e3561cf0804d1ac6cd5bd0222626176fd0ec11b3540d3cda7ac3cc992f82fda"
"docs/evidence/UI-007-P04_C2_CONFLICT_RESOLUTION_MANIFEST.md","f483f0417d349bad21d37ad4a9be4cc556d210e1da99e08c5b152d256e09fa11"
"docs/evidence/UI-007-P04_CA_ALEMBIC_CURRENT.txt","ffe66a90a6ddc83deba8415862e52ae4078bfc565d5e5c9c30b00f11c5ccf873"
"docs/evidence/UI-007-P04_CA_ALEMBIC_CURRENT.txt.stderr.txt","372eeeed0ae9aa496ea8067196c924e75d7a15ee42cfccd07fd1821ce0470d32"
"docs/evidence/UI-007-P04_CA_ALEMBIC_CURRENT.txt.stdout.txt","fbf785b460a2bdda8021b7167585d9338fa35dfdd9d888d8b8ba46b3deea932e"
"docs/evidence/UI-007-P04_CA_BACKEND_PYTEST.txt","ec9477a75bcc95084ec701bc65bd9735da7a34cb53d6d248cb4082ca4f134816"
"docs/evidence/UI-007-P04_CA_BACKEND_PYTEST.txt.stderr.txt","e3b0c44298fc1c149afbf4c8996fb92427ae41e4649b934ca495991b7852b855"
"docs/evidence/UI-007-P04_CA_BACKEND_PYTEST.txt.stdout.txt","b10e3d07d9c796dc4f7eb022b6f1e16e1b907e27ad8aeca8bd99c146ee76a98b"
"docs/evidence/UI-007-P04_CA_BUILD_IDENTITY.txt","41ab627d3b232fca3f29b9f86b07dee19523aec0bf3c4adf2940706b2b93d61c"
"docs/evidence/UI-007-P04_CA_EVIDENCE_COMMANDS.md","8ef270a77aa11ec3f2f66893b7b47d6a89859dd7cb58dfe59ca04214b0edc3f0"
"docs/evidence/UI-007-P04_CA_EVIDENCE_VALIDATION_READ_ONLY.txt","ca00456b5ad2dd7a517ff553920ffeca713378dbe70f388931bca352b0c81ad8"
"docs/evidence/UI-007-P04_CA_EXTERNAL_AI.txt","dc459da85776abf3e9b341d57b7032661549cee5e4ba9d4ece82d3bc500e026a"
"docs/evidence/UI-007-P04_CA_FRONTEND_BUILD.txt","1d12a263eba8cf043440928b1abf5cbcfbef79584dc123b289844ab24b7a2f81"
"docs/evidence/UI-007-P04_CA_FRONTEND_BUILD.txt.stderr.txt","d79e4144b596aba3efe480a763561840cbfef5eb0cb7529f9b108e6fedc4fb34"
"docs/evidence/UI-007-P04_CA_FRONTEND_BUILD.txt.stdout.txt","aba4753f6a1ca92013d308c74f1f077a09f168b4ef9b9826459235f657b055b8"
"docs/evidence/UI-007-P04_CA_FRONTEND_FULL_VITEST.txt","3114cf7a74948c7eb8888ac2982f91383202000b614e710d0c3bebadca1804d1"
"docs/evidence/UI-007-P04_CA_FRONTEND_FULL_VITEST.txt.stderr.txt","268226713017a3c9908bb8517cb9194c00b358506cfc9f7a254bf62d232a2b52"
"docs/evidence/UI-007-P04_CA_FRONTEND_FULL_VITEST.txt.stdout.txt","6ee9ec81f6339e78b3bc2d6aa6ef1564cc8c2afd23fe4d172a2f6a1c2ebc4178"
"docs/evidence/UI-007-P04_CA_GOVERNANCE_CONTROL.txt","b4f249af7180cd6259e99e2a109d2186a170736838b38682fbd532197cfa1749"
"docs/evidence/UI-007-P04_CA_LOCAL_CI.txt","51068e2fb1634493dd4b99449c1afe7041ca1aa3879a70831e78a16ed2213acb"
"docs/evidence/UI-007-P04_CA_LOCAL_CI.txt.stderr.txt","72623958c439421d08ab2a2679b0c4dc5d106c6d402e88bed497f0782aeb2cfd"
"docs/evidence/UI-007-P04_CA_LOCAL_CI.txt.stdout.txt","26f245f79ab5b1803ff93269b0d772aaee2763d3e69fdaaed6c175ca20528a82"
"docs/evidence/UI-007-P04_CA_LOCAL_CI_FAILURE_DIAGNOSTIC.txt","1120b34d22b3c431e139de595063cabe58e0344237f71b1cd5d6bedea90d7cf0"
"docs/evidence/UI-007-P04_CA_NAMED_VITEST.txt","101d640fcd5a500b78c1b183dec33350d6c631718d0e95b5511c95a93e542a27"
"docs/evidence/UI-007-P04_CA_NAMED_VITEST.txt.stderr.txt","e3b0c44298fc1c149afbf4c8996fb92427ae41e4649b934ca495991b7852b855"
"docs/evidence/UI-007-P04_CA_NAMED_VITEST.txt.stdout.txt","ecc881416a9474a6cb4f7f1d4bd49edab10294e7575852aed21de6f713832d33"
"docs/evidence/UI-007-P04_CA_NO_ACTUATION.txt","b320dee2a9477198157f82e5c6666d7d11ac1289a14d4151764d3114e5d1628d"
"docs/evidence/UI-007-P04_CA_NO_RENDERER_OR_REGISTRY_DRIFT.txt","c5335ae4c7d1f2639a1e09b0f9f6b0e3312312c2b34a1abca67b2014b0981878"
"docs/evidence/UI-007-P04_CA_NPM_AUDIT.txt","1905c7e4555398f93a377358444a442eb7bbb3738ff2b921e2d66d9a3551d8d0"
"docs/evidence/UI-007-P04_CA_NPM_AUDIT.txt.stderr.txt","e3b0c44298fc1c149afbf4c8996fb92427ae41e4649b934ca495991b7852b855"
"docs/evidence/UI-007-P04_CA_NPM_AUDIT.txt.stdout.txt","7099c683ca9ce125e964d3eb553c839bb87a0e8c77114f9d664e58646e078af6"
"docs/evidence/UI-007-P04_CA_PROVENANCE.txt","1822f539e9cc1fbc5602cef1527ae269fe0028de4d3824dbff431d7320ff98a9"
"docs/evidence/UI-007-P04_CA_PROVENANCE_STATUS.txt","75a3cfba3e68ec7250b19eaaa079044dc1654a2d6b828f7718650d3d549cdc4c"
"docs/evidence/UI-007-P04_CA_R6_NO_RECOMPUTE.txt","6a35cf17e47c1aafb9a6656d140849073eb9930d6238695c140862bf9c5fa35e"
"docs/evidence/UI-007-P04_CA_REMAINING_CLOSURE_COMMANDS.md","819dd5c9ee493688c5291636ee47aa4c2565f74dc69ce947065affa309234281"
"docs/evidence/UI-007-P04_CA_ROUTE_DECLARATIONS.txt","afabdbca00560244b61e3f47ac32efc7efa6053c97c38c9bc28294612c9679be"
"docs/evidence/UI-007-P04_CA_RUFF.txt","d9cec3693a442309113539d965a3526a66c4f2a00ab42adb685fb6826e657421"
"docs/evidence/UI-007-P04_CA_RUFF.txt.stderr.txt","e3b0c44298fc1c149afbf4c8996fb92427ae41e4649b934ca495991b7852b855"
"docs/evidence/UI-007-P04_CA_RUFF.txt.stdout.txt","82b3e6a6c090a57601d22943bd23fca9218d1031dbe5a7b754092f9a156b4f18"
"docs/evidence/UI-007-P04_CA_TERMINAL_LAYOUT_RETIREMENT.txt","e77590e8cca302c6a55bb8e24277474a981bf6fddb7a972f452dc74b95977b03"
"docs/evidence/UI-007-P04_CA_TYPESCRIPT.txt","c28a4608dacd73592a1e36427c82fc4ccd83352fbca5f1c3bf656642d3f5811b"
"docs/evidence/UI-007-P04_CA_TYPESCRIPT.txt.stderr.txt","e3b0c44298fc1c149afbf4c8996fb92427ae41e4649b934ca495991b7852b855"
"docs/evidence/UI-007-P04_CA_TYPESCRIPT.txt.stdout.txt","e3b0c44298fc1c149afbf4c8996fb92427ae41e4649b934ca495991b7852b855"
"docs/evidence/UI-007-P04_FRONTEND_FULL_VITEST.txt","5971e488e295bcd30508dfa7e882fecbd3e82b656732e0a2819d04c1f1c42ac1"
"docs/evidence/UI-007-P04_LOCAL_CI.txt","da6dbc6fd406cafbda168c79c0ece4affb813d1dfb2a7377b195e692a7ba730a"
"docs/evidence/UI-007-P04_NAMED_VITEST.txt","dc160015d789ce508ceeca47991d7cde8c42463b876e380c2bab536762b2c86b"
"docs/evidence/UI-007-P04_OPERATOR_EVIDENCE_COMMANDS.md","5baaca7bfd7966e26c981edaa8516bbd32a712832afe55a39860c4980f7add1b"
"docs/evidence/UI-007-P04_OPERATOR_RESULTS_ATTEMPT1.md","63afcf976014427e003449fe9a65b6e553c835c7e271117fd65bf99efaf85d0c"
"docs/evidence/UI-007-P04_OPERATOR_RESULTS_ATTEMPT2.md","c46388effab184a988dc04737912ab796276f44813b4d356c834c96f0f75e100"
"docs/evidence/UI-007-P04_OPERATOR_RESULTS_ATTEMPT3.md","f27ecd29f189549fdc464170ee01f79ee204dff33170089467ff1caf9273b20a"
"docs/evidence/UI-007-P04_RUFF.txt","af352a86840ad0af3d37ea0d9197f868363a6dac6b1c2ef5d2722f6b41d2d9af"
"docs/evidence/UI-007-P05_04_LOGGED_OUT_BLOCK.png.png","2725479b0ab1ebdc5e0f3741a87a14378a74a004ac0b9921b14108ae6188d065"
"docs/evidence/UI-007-P05_ALEMBIC_CURRENT.txt","ffe66a90a6ddc83deba8415862e52ae4078bfc565d5e5c9c30b00f11c5ccf873"
"docs/evidence/UI-007-P05_ALEMBIC_CURRENT.txt.stderr.txt","372eeeed0ae9aa496ea8067196c924e75d7a15ee42cfccd07fd1821ce0470d32"
"docs/evidence/UI-007-P05_ALEMBIC_CURRENT.txt.stdout.txt","fbf785b460a2bdda8021b7167585d9338fa35dfdd9d888d8b8ba46b3deea932e"
"docs/evidence/UI-007-P05_BACKEND_PYTEST.txt","37999caac248a5319960eb3876ad471646b6067214c9081649d5a1274caa55b8"
"docs/evidence/UI-007-P05_BACKEND_PYTEST.txt.stderr.txt","e3b0c44298fc1c149afbf4c8996fb92427ae41e4649b934ca495991b7852b855"
"docs/evidence/UI-007-P05_BACKEND_PYTEST.txt.stdout.txt","463b041f02b3c7debca9a8d344f10cfe1355d8a934c04ab1485d7b8185e00c38"
"docs/evidence/UI-007-P05_EXTERNAL_AI.txt","c05e11cb8c730f3fe28a661b4e3f9b4d4af0f5a31c3c8152bd284a150732647b"
"docs/evidence/UI-007-P05_FAST_PREFLIGHT.md","468b2c7ad7160e81c742394dc0592ca2bfcdb4ad1dd437f43cf0639dad584799"
"docs/evidence/UI-007-P05_FINAL_EVIDENCE_COMMANDS.md","92ae153b8adf1c7ab9d3757ee7948c6b7f757902c8f1a6abfba2de0d450876b8"
"docs/evidence/UI-007-P05_FORBIDDEN_RUNTIME_LABEL.txt","e257c53e3e5673ffb6ae822d7d50819a3d0b977462d57628cfff1126d1c5a3fe"
"docs/evidence/UI-007-P05_FRONTEND_BUILD.txt","cf8649feed2bdb9cdea9244e6ec472ca667442d4a72bd34ddca7e116332a6016"
"docs/evidence/UI-007-P05_FRONTEND_BUILD.txt.stderr.txt","d79e4144b596aba3efe480a763561840cbfef5eb0cb7529f9b108e6fedc4fb34"
"docs/evidence/UI-007-P05_FRONTEND_BUILD.txt.stdout.txt","9299e91c7e1e3e08dd3f66deb5f21d99245e497a4af2450fbfc0cd98ecdebd39"
"docs/evidence/UI-007-P05_FRONTEND_FULL_VITEST.txt","a1c3dc5bd7454a4980b256e2cfba516cabd14b436434ee991c38c8220b664377"
"docs/evidence/UI-007-P05_FRONTEND_FULL_VITEST.txt.stderr.txt","063c06c61704412c3ef7d2bc9e707ce514b35bbcec8d5556565d18163ab02ab7"
"docs/evidence/UI-007-P05_FRONTEND_FULL_VITEST.txt.stdout.txt","305bd1194101a6d5dcdc3b8dbedd07a95588769ea1f43e644e4e48253f67b986"
"docs/evidence/UI-007-P05_GOVERNANCE_CONTROL.txt","e1cf459c6d54c8212454e6453eb7be5ac1439cedbed6acbcb5d0afb7e5ced6a4"
"docs/evidence/UI-007-P05_LOCAL_CI.txt","4bb8e05203756ce453b4decc71cbf4ea90402af4554e0378df23ae7dfeada765"
"docs/evidence/UI-007-P05_LOCAL_CI.txt.stderr.txt","80fa09c432c62891a44e509077c120c7cf318263b5710802d1e0e4ee194539cf"
"docs/evidence/UI-007-P05_LOCAL_CI.txt.stdout.txt","611eb12dd950a958d430db2158a17110b079c2ef0d7b1f886f997220ebcb3642"
"docs/evidence/UI-007-P05_NAMED_VITEST.txt","98e9d107e90f2e70cc2e19eedfc017e69e0beeeec89733720fab395c2cee56e5"
"docs/evidence/UI-007-P05_NAMED_VITEST.txt.stderr.txt","e3b0c44298fc1c149afbf4c8996fb92427ae41e4649b934ca495991b7852b855"
"docs/evidence/UI-007-P05_NAMED_VITEST.txt.stdout.txt","619c95179ddd217b3e5b26d74ee95cb409a84744f0b1057808610527d221998a"
"docs/evidence/UI-007-P05_NO_ACTUATION.txt","0604495f1d45dac84c524ca0957d74417f69123294ff810964130aed62fe82a9"
"docs/evidence/UI-007-P05_NO_MANIFEST_OR_REGISTRY_DRIFT.txt","8ed8931b1eaf646ebabd60aae40001e740c8f10515274a727a31645ad8589e6e"
"docs/evidence/UI-007-P05_NPM_AUDIT.txt","1905c7e4555398f93a377358444a442eb7bbb3738ff2b921e2d66d9a3551d8d0"
"docs/evidence/UI-007-P05_NPM_AUDIT.txt.stderr.txt","e3b0c44298fc1c149afbf4c8996fb92427ae41e4649b934ca495991b7852b855"
"docs/evidence/UI-007-P05_NPM_AUDIT.txt.stdout.txt","7099c683ca9ce125e964d3eb553c839bb87a0e8c77114f9d664e58646e078af6"
"docs/evidence/UI-007-P05_OPERATOR_EVIDENCE_COMMANDS.md","9f9356a2213742eff53cfd2753cf4e92562362e4bfdbeb6b1ba6df180759b689"
"docs/evidence/UI-007-P05_OPERATOR_RESULTS.txt","ca9ff01748f8b4217742db71acd9503f243a9a698599203e38acbd04719a55cd"
"docs/evidence/UI-007-P05_R6_NO_RECOMPUTE.txt","35b2f3aa51ad83457ae5f83d1968af68122e3efcc0b504593912136f635faeaa"
"docs/evidence/UI-007-P05_RAW_API_CATALOGUE.json","347f9c44dc2bcb417e36811547e4b9568d785d747d584cce1f26e5aec2f5f9f7"
"docs/evidence/UI-007-P05_RAW_HEALTH.json","067364199a8f83fca777c4673e443e2f8efa261f7a33636eba63d27d39b78c50"
"docs/evidence/UI-007-P05_RAW_METRICS.json","befa71e8d1944a156f741e60c9bc5d41adee6441635fdf5ac8a89635ebb98729"
"docs/evidence/UI-007-P05_RAW_PERSISTENCE_STATS.json","62ad7dfdbbb710413d91ad2d402ef659928388ed5f67b77c3c75f89507210da1"
"docs/evidence/UI-007-P05_RAW_PLUGIN_CONTRACTS.json","91320dcbc3f94de9c00bb79208503ed5b1b60a9858527c55ba545cbf470ca718"
"docs/evidence/UI-007-P05_RAW_RBAC.json","c7e97ecbc4a86e2a002d32f9bac9eecdd9f3a2a8d786b1eec27d1cb67eca2b0c"
"docs/evidence/UI-007-P05_RAW_READY.json","b756665ee6ca7d88f35a198ae9363ca188c6cf7cec774614e0f3b7397af32e82"
"docs/evidence/UI-007-P05_RAW_ROUTE_INVENTORY.json","e681cdb803e80f25e07339630f36342c7f73e71ffa0394a35b90269a94c12643"
"docs/evidence/UI-007-P05_RAW_SYSTEM_INFO.json","77d2283f5d35fa64f89d1183530b0cbfe550e518a419a1a1934eaa1b8452e9f7"
"docs/evidence/UI-007-P05_RAW_VALUE_COMPARISON.txt","eddee1481e6a2d75397ca3076c00d5af125a252a42a1a4a9e3fc4ed90e20c417"
"docs/evidence/UI-007-P05_ROUTE_DECLARATIONS.txt","e1ef7be5ed808051cc2f0af910de56616a13bf85aa3a407a8d0cff6e8a87aa59"
"docs/evidence/UI-007-P05_RUFF.txt","d9cec3693a442309113539d965a3526a66c4f2a00ab42adb685fb6826e657421"
"docs/evidence/UI-007-P05_RUFF.txt.stderr.txt","e3b0c44298fc1c149afbf4c8996fb92427ae41e4649b934ca495991b7852b855"
"docs/evidence/UI-007-P05_RUFF.txt.stdout.txt","82b3e6a6c090a57601d22943bd23fca9218d1031dbe5a7b754092f9a156b4f18"
"docs/evidence/UI-007-P05_TYPESCRIPT.txt","c28a4608dacd73592a1e36427c82fc4ccd83352fbca5f1c3bf656642d3f5811b"
"docs/evidence/UI-007-P05_TYPESCRIPT.txt.stderr.txt","e3b0c44298fc1c149afbf4c8996fb92427ae41e4649b934ca495991b7852b855"
"docs/evidence/UI-007-P05_TYPESCRIPT.txt.stdout.txt","e3b0c44298fc1c149afbf4c8996fb92427ae41e4649b934ca495991b7852b855"
"docs/evidence/UI-007-P06_AUDIT_VERBATIM_PSQL.txt","e001bdd75a39ef8c099df727b5018a4c421de37b11edfb491f64745f7f5226ca"
"docs/evidence/UI-007-P06_CA_OPERATOR_RESULTS.txt","8acb41b967fe4808f4e2583d39e61ee7a4fab3109837539a4a65a908172c8310"
"docs/evidence/UI-007-P06_EXTERNAL_AI.txt","71b1fdd7da19c59088aafb4375beb24a65c0824f652b6694ee7be83db6c8ec06"
"docs/evidence/UI-007-P06_FORBIDDEN_RUNTIME_LABEL.txt","71e58043aa6e684459c12f7206bd8b208062f04b8e1d187dc6ce4533e019b79e"
"docs/evidence/UI-007-P06_GOVERNANCE_CONTROL.txt","5e3cc2a2f45b371182b0408222a9329950e360c6a6e72fe7f4fa7e86b72988f7"
"docs/evidence/UI-007-P06_NAMED_VITEST.txt","5359df50f86bcf6cc7ab08dd82d9a5464cd29566f35312a35799379d2f7cd28c"
"docs/evidence/UI-007-P06_NAMED_VITEST.txt.stderr.txt","a6041a3e6d1638460e5b67fcdf29b7c308b06cf3da03e9e5e730050daeebf98d"
"docs/evidence/UI-007-P06_NAMED_VITEST.txt.stdout.txt","0837dad7de1c9645975560348aee27f5c989aa80b98b1fca15d0233cbcdc87f4"
"docs/evidence/UI-007-P06_NO_ACTUATION.txt","002b782fb084cf78df4d47554c84fc8f63c0eeebd03b55e269cfd09f166fb652"
"docs/evidence/UI-007-P06_OPERATOR_EVIDENCE_COMMANDS.md","0984fec846787c13ba13e3b922aca0ea5df4b84eb5b5dae52bc717471fdb117b"
"docs/evidence/UI-007-P06_OPERATOR_RESULTS.txt","bc5adae72c5ed592b81d0dc5ae3d1046dda6707cac024ea632f4efdaf61ee105"
"docs/evidence/UI-007-P06_R6_AUDIT_WINDOW_LIMITATION.md","1b3e47f8aacd587c07f0b56e5dbea4b21b314f2cc05e71da2ea55d910e1b0611"
"docs/evidence/UI-007-P06_R6_FINAL_EVIDENCE_COMMANDS.md","4e8859b8d095198ab85d82756770a1a9561371d1993dc924998c5751d9fe9584"
"docs/evidence/UI-007-P06_R6_NO_RECOMPUTE.txt","9b901e04fb707000cd35d8af034b03305b012874f6186b31f78336d99a2e4bcf"
"docs/evidence/UI-007-P06_R6_REMEDY_ALEMBIC_CURRENT.txt","ffe66a90a6ddc83deba8415862e52ae4078bfc565d5e5c9c30b00f11c5ccf873"
"docs/evidence/UI-007-P06_R6_REMEDY_ALEMBIC_CURRENT.txt.stderr.txt","372eeeed0ae9aa496ea8067196c924e75d7a15ee42cfccd07fd1821ce0470d32"
"docs/evidence/UI-007-P06_R6_REMEDY_ALEMBIC_CURRENT.txt.stdout.txt","fbf785b460a2bdda8021b7167585d9338fa35dfdd9d888d8b8ba46b3deea932e"
"docs/evidence/UI-007-P06_R6_REMEDY_AUDIT_VERBATIM_PSQL.txt","e001bdd75a39ef8c099df727b5018a4c421de37b11edfb491f64745f7f5226ca"
"docs/evidence/UI-007-P06_R6_REMEDY_EVIDENCE_COMMANDS.md","404edc90526c1d467987e8a6e720c940e92dbf71b34ac2a7529dd42ac3beac36"
"docs/evidence/UI-007-P06_R6_REMEDY_FRONTEND_FULL_VITEST.txt","27231764a1d3ce74da8d439f765fd59c9201e4bfa781c77a96c5802fb4b4141e"
"docs/evidence/UI-007-P06_R6_REMEDY_FRONTEND_FULL_VITEST.txt.stderr.txt","25460d33cf3e76ebd0d44c330a4ee2533c0169b4e3e0457d917671a2bf1d8a27"
"docs/evidence/UI-007-P06_R6_REMEDY_FRONTEND_FULL_VITEST.txt.stdout.txt","912d2a99415879fdb13552a2715387d8b946e13626a711a02ada9910a111cd66"
"docs/evidence/UI-007-P06_R6_REMEDY_GOVERNANCE_CONTROL.txt","f392c7b4215007dbe75685f30515f391db612548a62a50d376310f2637cafdf8"
"docs/evidence/UI-007-P06_R6_REMEDY_NAMED_VITEST.txt","20ccb4f6d2587393a18150698d1cfdacac09b74fa0b1289ee18cb05892f5866f"
"docs/evidence/UI-007-P06_R6_REMEDY_NAMED_VITEST.txt.stderr.txt","a6041a3e6d1638460e5b67fcdf29b7c308b06cf3da03e9e5e730050daeebf98d"
"docs/evidence/UI-007-P06_R6_REMEDY_NAMED_VITEST.txt.stdout.txt","b934c7a692cd5b515942ae7259d176cdef01bec913fb6229cbf841e900e411a5"
"docs/evidence/UI-007-P06_R6_REMEDY_NO_ACTUATION.txt","d357a3d29dda1c02a0e575326314b227cc7b9a026bfb0ab7472a078a43685431"
"docs/evidence/UI-007-P06_R6_REMEDY_NO_DRIFT.txt","749e2f65ae8d7a627825fb5b4e404d191163fb67b680bbfa53891b6244a33181"
"docs/evidence/UI-007-P06_R6_REMEDY_NO_RECOMPUTE_EXTERNAL_AI.txt","66d43bdfb3d01840e8e7997e7241ca7c6f4d35db5e5326c6ac7d5ffd46fc1939"
"docs/evidence/UI-007-P06_R6_REMEDY_OPERATOR_RESULTS.txt","37172d03b9deb197b24c7a572620fdd27c93528c2c762c1af3cff529da5e905c"
"docs/evidence/UI-007-P06_R6_RESCOPED_EVIDENCE_COMMANDS.md","cad5f39ecac7be7cd961e7a35f5bdebeb223114865b5ba993c198031cb738251"
"docs/evidence/UI-007-P06_R6_RESCOPED_OPERATOR_RESULTS.txt","f3f26b604ecf34cc545f7b497e5b645ce093dd9eb21a26f10e1ca6e03cb08eba"
"docs/evidence/UI-007-P06_R6_RESCOPED_REFUSAL_WINDOW_PSQL.txt","36ac2e3efa8a2809f6ab4dc6968283eb9e70856783e2576e5f7e04b0afdf81dc"
"docs/evidence/UI-007-P06_R6_VISIBILITY_DIAGNOSTIC.txt","4debe663ee855811fcdfd54cf5acbaefdeaae1445f19b7d60e598b1894621d57"
"docs/evidence/UI-007-P06_R6_VISIBILITY_DIAGNOSTIC_COMMANDS.md","097a76bde5db99f8825e29da6d4995526c78ff3879a7caf6b2ec16291c636e43"
"docs/evidence/UI-007-P06_R6_VISIBILITY_SECURITY_API.json","a7c65ddc3cb65f90665ab5aed1a9fec2b745079ef898ec38a6b07562b2c85d3a"
"docs/evidence/UI-007-P06_R6_VISIBILITY_STATS_API.json","8ff21f7901fbf124ee176ed4c8c62735bcd3bfe4a000bf9d27ed8a27b1465974"
"docs/evidence/W0-U01_runtime_evidence.md","e58954c9d443778de19b2ac68aab45811467dacc6ac19906a7c23da4607e6fef"
"docs/evidence/W0-U02_runtime_evidence.md","d9ef77aba3c6e696cd64173668f079b0318870fafbdcb23627277f9a54aa9c21"
"docs/evidence/W0-U03_runtime_evidence.md","e59ee37c103ba0b93066e7846ce190491a5349002f5987375f2723488ef32d05"
"docs/evidence/W0-U04_runtime_evidence.md","906c14b42975fb5a6b1b73e9fd9165e3a7d495747667e5964c21fdea71a507e9"
"docs/evidence/W0-U05_runtime_evidence.md","8449e79b8724a3a8ba82b408f343a8f09a14fe1450511fc6554d2319e7d3a61e"
"docs/evidence/W0-U06_runtime_evidence.md","76c5c0299df2ab12ac8f026cdc28c19ff1080e1a573c483983dcf4f73295fb29"
"docs/evidence/W0-U07_runtime_evidence.md","4e5412b4872dac3842f1008ca2101485b839243b2b2617b014d94a03de6bdeda"
"docs/evidence/W0-U08_C3_POSTGRES_ALEMBIC_TRANSCRIPT.txt","a970e43e376e7a6657a0733d9db22883f6c3e64fe115021ea99dc6063d2206ce"
"docs/evidence/W0-U08_OPERATOR_EVIDENCE_CHECKLIST.md","9f0bd7601f94bf728c3f040b6866c700ba123616d28f6bb4102547135f10cc30"
"docs/evidence/W1-U01_OPERATOR_EVIDENCE_CHECKLIST.md","7aa190fe2bd437fb1e2cf285f3d81e76f7ec255b4b68740e2c1022a8600ac800"
"docs/evidence/W1-U02_C2_FINAL_LOG_CAPTURE_COMMANDS.md","07fe3b30c2b668e830a93e4fb868dfc6ded24ad25340122d08c8988da9a676ac"
"docs/evidence/W1-U02_FINAL_REDACTION_EVIDENCE_20260713_153427.txt","1723416b8e600fcfc97f5c23ee08b4dd7ed279db8d383f4121736a95f98af73f"
"docs/evidence/W1-U02_FINAL_REDACTION_EVIDENCE_20260713_153524.txt","e2e7a5e2d4b644c0be41d6d4e34ee8c2959f83d6177c06d22303bf3ff121e9ae"
"docs/evidence/W1-U02_FINAL_REDACTION_EVIDENCE_20260713_154435.txt","a50bc3c7e7de9bdfd6b0cbca38781a45c58b90bd2347ae0e473a7afe6af46417"
"docs/evidence/W1-U02_FINAL_REDACTION_LOG_EVIDENCE_COMMANDS.md","7f8ec3b61ac0cafda89c1794b780bb984bfd97319ef9d077537a4a136d6d2a5f"
"docs/evidence/W1-U02_FINAL_REDACTION_SERVER_LOG_20260713_153253.jsonl","16d88fbb80f7274cfddf937639646b99dcb10973cf3b99a20b8fd1b8cd60a5f8"
"docs/evidence/W1-U02_FINAL_REDACTION_SERVER_LOG_20260713_154327.jsonl","6e912784b27fc18b17505068ff96f6ac08f9666bc2a3098982111a07ac1c0f34"
"docs/evidence/W1-U02_ITRGA_EVIDENCE_COMMANDS.md","f2460edcb1ac980b351ed16a6393f112cca5b406ff915cf45f82d5b8288c8117"
"docs/evidence/W1-U02_OPERATOR_EVIDENCE_20260713_145802.md","abad10655577a280d769f96a67e3f2685f07e155aeef59cf51586eeef7d9e8db"
"docs/evidence/W1-U02_OPERATOR_EVIDENCE_20260713_150422.txt","f4d3499c00b2e200576c259849ab00e7863bb55d412c337d1db1a12bba2870b8"
"docs/evidence/W1-U02_OPERATOR_EVIDENCE_20260713_150440.txt","ebf5a526af42e622a48fd83786e4084e3223dd3e71df85200debe6fa3ff1a421"
"docs/evidence/W1-U02_OPERATOR_EVIDENCE_CHECKLIST.md","4f7276079334708b547a3fc647456e6b0157e5691fbbd8f418335dd4cbcef38d"
"docs/evidence/W1-U03_OPERATOR_EVIDENCE_20260713_163216.txt","7f236765a8d7608fe6513a3559509e6f66406314680d366f4d1c4cd2b1faac9d"
"docs/evidence/W1-U03_OPERATOR_EVIDENCE_20260713_163648.txt","7644112d099c8f74c45f389ebd6f0d18872267ff3fe35e92baccf8303833a84e"
"docs/evidence/W1-U03_OPERATOR_EVIDENCE_COMMANDS.md","7461ad7931b1d0d7b25bcae3315d38f3190b1701967b723e33f0df2a4d45af56"
"docs/evidence/W1-U04_FRONTEND_AUDIT_REMEDIATION.md","815dc5758f79ff579d9bc7902b93cbe43dcdf0551062d4c5dc877f01caac050d"
"docs/evidence/W1-U04_OPERATOR_EVIDENCE_20260713_175018.txt","8b16e5c720d3abb0d19d3529e80b194b24e16fc685798a954692fb35c39b9f49"
"docs/evidence/W1-U04_OPERATOR_EVIDENCE_COMMANDS.md","8f87f7b5995a188ed92bff003230331ca5fb3beb87025e9356ae9382ba771852"
"docs/evidence/W2-U01_OPERATOR_EVIDENCE_20260713_202452.txt","fdba168fda37cd2add3e58ab5d3a39ed8c68251ebb83f65150c13a0976ef5cc0"
"docs/evidence/W2-U01_OPERATOR_EVIDENCE_COMMANDS.md","c38de7eab8326731143ac92c55627fa3e8ab65f77fcce925aedee32c008207df"
"docs/evidence/W2-U02_OPERATOR_EVIDENCE_COMMANDS.md","b557f2a0c2a23721fe437aa85398cb49cbdb766c4d56c3822872a51dc4fff787"
"docs/evidence/W2-U03_OPERATOR_EVIDENCE_COMMANDS.md","7d795275adc9cb14ee4cc4a74f402b4feb15889a3efe6ea86c766413d53a0bc4"
"docs/evidence/W2-U04_OPERATOR_EVIDENCE_COMMANDS.md","b5a1399ac4e0b07480db23ed38c63a79796bf481f8dcc507b895e6dd0642cc2a"
"docs/evidence/W2-U05_CORRECTION_EVIDENCE_COMMANDS.md","06cbc2ff841045ce1be915c55d99b3d225ed7e146930b7300f2860b86a4940ef"
"docs/evidence/W2-U05_EXPERIMENT_TESTS_VERBOSE.txt","a100c34f4357920c0017f8d0692f353a0af33bf5283be377a45a99779b170a0b"
"docs/evidence/W2-U05_OPERATOR_EVIDENCE_COMMANDS.md","d0f4eef9b1625057cc6fe19e092e6d7daa5b2cab09b699eea99fc5109641bd1f"
"docs/evidence/W2-U06_OPERATOR_EVIDENCE_COMMANDS.md","fca3990cdf98fa1b313251b8f4d0c3b84cd766ad92e9fce07a0d1ef498d6f7ee"
"docs/evidence/W2-U06_REFUSAL_TESTS_VERBOSE.txt","3faf423caa11579c89c97ff0150329a5ac248bac2d7b795df87ee08a1f3a0182"
"docs/evidence/W2-U06_TRAIN_REPRO_TESTS_VERBOSE.txt","9561c8b15626add232ac90376744609356898b423a10f473bc08077ffcdb2246"
"docs/evidence/W2-U07_OPERATOR_EVIDENCE_COMMANDS.md","c31a55bf4e52d3a15fda7d9cd9e1896db81f2e8decbaa5be489e9cebf8a61162"
"docs/evidence/W2-U07_VALIDATION_TESTS_VERBOSE.txt","868084634ca9b4e6eb4f1501c5960f031126e1b08e108202edc63212947de6ef"
"docs/evidence/W2-U08_C1_CALIBRATION_PERSISTENCE_COMMANDS.md","3ea5d6be9e8dcc954ec5e60a7cec125a1cd0e12b6f5b43fefc4085d4b73318ef"
"docs/evidence/W2-U08_CALIBRATION_TESTS_VERBOSE.txt","d4a88094cf93d601123d041d99fc788623d00c9c33a5c7559975a641145f8219"
"docs/evidence/W2-U08_OPERATOR_EVIDENCE_COMMANDS.md","b6723be2de6ece3cc9a169ef24b067b525b2d274872d398ab0bbfb74d8d51ab2"
"docs/evidence/W2-U09_C1_ECONOMIC_PERSISTENCE_COMMANDS.md","2cb43bdb684031426690d6ae60bea73ef1326943471bc80db8d5b2e0d4bd12b2"
"docs/evidence/W2-U09_ECONOMIC_TESTS_VERBOSE.txt","4a9089f365c37903b67c6cf7ffdd0884d66553ad7c396f602baf49825eb2c6ff"
"docs/evidence/W2-U09_OPERATOR_EVIDENCE_COMMANDS.md","15f7fa1ee0e20d6a530c17a732f4700d9ad7cd2c1a9874b7b13d190c8e0bea9a"
"docs/evidence/W2-U10_C1_C2_PERSISTENCE_AND_GREP_COMMANDS.md","d4d8b89bb3336282267131613e443040380bc452c0f5aec468321b5996ab547b"
"docs/evidence/W2-U10_GENERALIZATION_TESTS_VERBOSE.txt","f19f0f22abcba6b073eb94924eef32cd15d0bc379b487c1ef563666640e0e83d"
"docs/evidence/W2-U10_OPERATOR_EVIDENCE_COMMANDS.md","4bd67544d38a57d12ea69a3b57f3c19f2ad24915e9e32c223c0978cb029b58a3"
"docs/evidence/W3-U01_INFERENCE_GATE_TESTS_VERBOSE.txt","91fed3110b3b16ed6f7e9569f972fbbace32654d67af8d4da8556b76fb8a674b"
"docs/evidence/W3-U01_OPERATOR_EVIDENCE_COMMANDS.md","4391dc2919a220fede6fea98ec36f7bcd0a7260c0232f4ffc2a7cc540e0f98f8"
"docs/evidence/W3-U02_LOCAL_CI_TRANSCRIPT.txt","f19526f0e3af67d913a0ba47a21423ce4eb58e4a49eb3907b4498224c9661b7c"
"docs/evidence/W3-U02_OPERATOR_EVIDENCE_20260715_150158.txt","d7ec4164c126aee4ef9cb245339cb4b6fb14d7e4a81c2bf9ab253c6f344cc7a0"
"docs/evidence/W3-U02_OPERATOR_EVIDENCE_COMMANDS.md","930d45a880047384e91f4ec448ea6c7dd0307f9d19abd79afbf0b1df9e2c29c5"
"docs/evidence/W3-U02_SIGNAL_TESTS_VERBOSE.txt","2cc243804caeb5bff0d0ccb6722bf68c12d2e570bbfc4ed4738177ec39b238ef"
"docs/evidence/W3-U02_W3U01_GATE_REGRESSION_VERBOSE.txt","0c7ef0cca2c9c2ec74f0384876c6067589b554b10101060506e72fcad2477f5a"
"docs/evidence/W3-U03_GUARDRAIL_TESTS_VERBOSE.txt","2830e4acfe84ba4bb66db0bd05f0f4606d5ac4c609b94ba56685f502f3ef6a49"
"docs/evidence/W3-U03_LOCAL_CI_TRANSCRIPT.txt","a88b1bd6819b778be8b9c263f387c307a90f79d05a229483cf8e8a6ad5805aa4"
"docs/evidence/W3-U03_OPERATOR_EVIDENCE_20260715_155721.txt","53b7164cd01f9e2cf55a110f51735b78655548cb0c58609ef4a79ebc3a93501a"
"docs/evidence/W3-U03_OPERATOR_EVIDENCE_COMMANDS.md","0b16bc8f945bb12baec7b977497fedbc2229004f1f938d8e0bc7f4b057c21e24"
"docs/evidence/W3-U03_PRIOR_GATE_REGRESSION_VERBOSE.txt","bf23a46665e528eddb094e073127fa892f19827a5ed3435f5fb047305368eef7"
"docs/evidence/W3-U03_SIGNAL_PROOF_IDS.json","c0d81db063cbd310277c90a20081f29e1dd52b9b245682c169c74fa1b97f1788"
"docs/evidence/W3-U04_LIVE_INFERENCE_TESTS_VERBOSE.txt","c08fd6d04e04170c3c277a904d8c7c84fd466b54d09fa3b2b33e5567e14747e4"
"docs/evidence/W3-U04_LIVE_SIGNAL_PROOF_IDS.json","f771b803ad4e616e9d2f42937244ea5ee227fb16f7e3dd6e24b1ce7e47add1da"
"docs/evidence/W3-U04_LOCAL_CI_TRANSCRIPT.txt","f11709f3a16c166146741255f6d46d44e8b63bb3213aef37ecbd084c4a382595"
"docs/evidence/W3-U04_OPERATOR_EVIDENCE_20260715_165932.txt","16e25ac1345c06a4221fc7bba503cb42110a70bc607f47472128c3c9fc856554"
"docs/evidence/W3-U04_OPERATOR_EVIDENCE_COMMANDS.md","cd282109f839ca3fd6d02de5b8122fc6f5a32b3d1c21c920b8594de915abf89f"
"docs/evidence/W3-U04_PRIOR_GATE_REGRESSION_VERBOSE.txt","35a8801bd7ec7cc635dfcb887f1aac452549497ea0c6da7de41eb83993512ca3"
"docs/evidence/W3-U05_OPERATOR_EVIDENCE_COMMANDS.md","8dd65be56bf6bdea875db5acbf375ba3d4214d977d27937aee204b3c0375bf01"
"docs/evidence/W3-U06_ALERT_PROOF_IDS.json","7d931ddd097b41659e595b91e0f5cd25211756bda01e1bde6812550bed5edab4"
"docs/evidence/W3-U06_OPERATOR_EVIDENCE_COMMANDS.md","fe1455ac8cbdc1b0929600493583741a3f7dec106334cf0aee643728583d1722"
"docs/evidence/W3-U06_PRIOR_GATE_REGRESSION_VERBOSE.txt","fb92f1b723f46753abfebd9db1c113e3c34be7548d67ddb2e897b77bacd72926"
"docs/evidence/W3-U07_CORRECTION_BACKEND_FULL_TESTS.txt","959cf9101ac82f46ff9a65dea580537c6611c1470222bb398150d894e5253125"
"docs/evidence/W3-U07_CORRECTION_BUILD.txt","9ab87238e06e521e764dd1d88bde9836e29bd55d2d41e8f2c6c2ebf1abb06cdb"
"docs/evidence/W3-U07_CORRECTION_EVIDENCE_COMMANDS.md","687aa798e2b45cb4e7c9aba780cfcb19c7fff4becaaa4e499e615aca676610ce"
"docs/evidence/W3-U07_CORRECTION_FRONTEND_TESTS.txt","50168f3038da2235fe39e69c3a42f08c6eb574bf30f8d48c24bef93944ec78a6"
"docs/evidence/W3-U07_CORRECTION_NPM_AUDIT.txt","6bf1428f41151b18d1fe822a2d1402d6477b743301d6e154ed2920c59819024a"
"docs/evidence/W3-U07_CORRECTION_RUFF.txt","af352a86840ad0af3d37ea0d9197f868363a6dac6b1c2ef5d2722f6b41d2d9af"
"docs/evidence/W3-U07_OPERATOR_EVIDENCE_COMMANDS.md","f1350d90be7ef0bb112660234a547b1066c5c2609ca663142c5dd904d30c1cc1"
"docs/evidence/W3-U08.1_BACKEND_FULL_TESTS.txt","e58a329e2601da7da78a83af2f7223c4f4cbb3db98931207188734fab6579e79"
"docs/evidence/W3-U08.1_BUILD.txt","63f67e188df6878d838da0dd074572d62c6bb9e10f9c35a0947f731bf062a576"
"docs/evidence/W3-U08.1_FRONTEND_TESTS.txt","b3680312d4178b4439be54d0032d54153f104c60cfe2aebb188b968ff4bf194b"
"docs/evidence/W3-U08.1_LOCAL_CI_TRANSCRIPT.txt","550d256a013a1b7be0868b6f2f737896d06584c6d61a69e4a718f18d9526d357"
"docs/evidence/W3-U08.1_NPM_AUDIT.txt","6bf1428f41151b18d1fe822a2d1402d6477b743301d6e154ed2920c59819024a"
"docs/evidence/W3-U08.1_OPERATOR_EVIDENCE_COMMANDS.md","7c9002681382a638f8f7d3ac48b205f00bdc3a5b4cfae7e51c746d63f42f1131"
"docs/evidence/W3-U08.1_RUFF.txt","af352a86840ad0af3d37ea0d9197f868363a6dac6b1c2ef5d2722f6b41d2d9af"
"docs/evidence/W3-U08_BACKEND_FULL_TESTS.txt","2f99664f1f29b0a2fff625eb9f261fa982702092c628625c91b4de88934dba55"
"docs/evidence/W3-U08_BUILD.txt","5162f791e34ba60448e8f7df3fa80b3fe61d7b720ea38ac8fdf1ebb62bd249e4"
"docs/evidence/W3-U08_CLOSEOUT_PROOF_IDS.json","4c9b34b628e78eb08864b5207307c789b46a762877cfd8721f4be34e205b9c1d"
"docs/evidence/W3-U08_FRONTEND_TESTS.txt","46abf0a4c671fdb2e284fea18593bdaff345285b0ef9e5371f161dfcc5087991"
"docs/evidence/W3-U08_LOCAL_CI_TRANSCRIPT.txt","833795381cdb018d1b9656a57342b19feb52a997d02d969fc914fc7d9d234547"
"docs/evidence/W3-U08_MILESTONE_DECLARATION_RECORD.md","748b1108e3dd3bffbb9e2d5335810f0cf224bed70ba087f1833b05d5f38da26a"
"docs/evidence/W3-U08_NPM_AUDIT.txt","6bf1428f41151b18d1fe822a2d1402d6477b743301d6e154ed2920c59819024a"
"docs/evidence/W3-U08_OPERATOR_EVIDENCE_COMMANDS.md","153e4281ca6ad2272c07eca54babf07929fc40dcd311a89f59ec5b7c18b2f2fa"
"docs/evidence/W3-U08_RUFF.txt","af352a86840ad0af3d37ea0d9197f868363a6dac6b1c2ef5d2722f6b41d2d9af"
"docs/evidence/W3-U08_WAVE3_CLOSEOUT_EVIDENCE_INDEX.md","0f7c46e3a0537211d946f3617ba9184a7827f11f33589d94a8ead75a15a2a470"
"docs/evidence/W4-U01_BACKEND_FULL_TESTS.txt","4d3ddc149764c2a09a9c97801d148fd7b1ec41e010d4171b11c396cb904baca8"
"docs/evidence/W4-U01_BUILD.txt","e2ecf505e4788521e37771f087d74fc2728f58ee86f92d96177635de09399ca3"
"docs/evidence/W4-U01_FOUNDATION_TESTS_VERBOSE.txt","831f68d2157cceb22abf07375454d48d9715abb1ef47bc1df39879daaf7d137c"
"docs/evidence/W4-U01_FRONTEND_TESTS.txt","e991f3fff38f6a0d33172bd1d7335f179690560216d7d608728bf5c260b299c6"
"docs/evidence/W4-U01_NPM_AUDIT.txt","6bf1428f41151b18d1fe822a2d1402d6477b743301d6e154ed2920c59819024a"
"docs/evidence/W4-U01_OPERATOR_EVIDENCE_COMMANDS.md","ea18c99bddde4c0ef73da9d45fea5b12657d644ba5ddf9c2600f96d428942164"
"docs/evidence/W4-U01_RUFF.txt","af352a86840ad0af3d37ea0d9197f868363a6dac6b1c2ef5d2722f6b41d2d9af"
"docs/evidence/W4-U01_SCIENTIFIC_DEPENDENCY_FREEZE.txt","a96905cd1c5c72a5ec2771b3a0a086c613b7c85a55e172b70d6daec12761c414"
"docs/evidence/W4-U01_SCIENTIFIC_DEPENDENCY_SPIKE_OUTPUT.json","555c3fc773c2f1668c16904db3acc93ed3257ce2e769b87366ae38a86d81d857"
"docs/evidence/W4-U01_SCIENTIFIC_DEPENDENCY_SPIKE_POLICY.md","5888eba02edf58ad4ddcf29c3c370f0732e70152cec588aea20bb91b3469cab0"
"docs/evidence/W4-U02_BACKEND_FULL_TESTS.txt","6e309851d7c925d380cec22024f0f355a33223486885d03c22e358721af0a9e8"
"docs/evidence/W4-U02_BUILD.txt","a6eb56bf616bd5d90e7218ce5c83f12206b12a0306e6ed076ea55a5f179dc56b"
"docs/evidence/W4-U02_C1_C2_CORRECTION_COMMANDS.md","38b67b7a98f6fba9bb251842cce012fe6ece8515ecbc89b08b3303f5c4a6d26d"
"docs/evidence/W4-U02_CORRELATION_REPORT_IDS.json","6b27957cabe527d4d871e83e78cc73ed32829bdf025dd9e3575fa0bcee92330e"
"docs/evidence/W4-U02_CORRELATION_TESTS_VERBOSE.txt","f2e702b1d0839dbc5e43977a4e258e0040ebbc9d1566fc51d2ba58e13c91b5f8"
"docs/evidence/W4-U02_FRONTEND_TESTS.txt","d6fcd79d525572a91d5e55474b6449f23c195f5faa78728ba486c38836cf22ea"
"docs/evidence/W4-U02_NPM_AUDIT.txt","6bf1428f41151b18d1fe822a2d1402d6477b743301d6e154ed2920c59819024a"
"docs/evidence/W4-U02_OPERATOR_EVIDENCE_COMMANDS.md","9ef4c908acb3e04ca26c0a99d47f43cfc2e4f4e6561bc79090d370c46ab38fce"
"docs/evidence/W4-U02_RUFF.txt","af352a86840ad0af3d37ea0d9197f868363a6dac6b1c2ef5d2722f6b41d2d9af"
"docs/evidence/W4-U03_OPERATOR_EVIDENCE_COMMANDS.md","22fc7cfef71d2090c44222933e4ae90cc1a3060dce7ac8c570aea3818b746970"
"docs/evidence/W4-U03_REGIME_REPORT_IDS.json","82ef4775fdd717d2aebdaa90e086f9703d1b14ee8455f3267301f371670271d8"
"docs/evidence/W4-U03_REGIME_TESTS_VERBOSE.txt","8ba18f286ba810cc8247bb8d17d0cd58fa17f10a8e5a2421d0b4129cbb70e7e8"
"docs/evidence/W4-U04_LOCAL_CI_TRANSCRIPT.txt","076542153c651d18b36d0a2305064c0148a873ab15dcfd74f02a6c1099c16b8e"
"docs/evidence/W4-U04_OPERATOR_EVIDENCE_COMMANDS.md","0a899c30723bea35d826c16c2d1f23e705d204dece0b5db1da163eedb2b56d56"
"docs/evidence/W4-U04_SCENARIO_REPORT_IDS.json","5fe4d3f56a4b4e6ab50c16bee5b1bb4975c4d5c6e5bacc3e34f9db85499d5e3c"
"docs/evidence/W4-U04_SCENARIO_TESTS_VERBOSE.txt","bf043b9fd2a27f072857378318a55d640596470529209ae7dc6aaa53ccb6c66b"
"docs/evidence/W4-U05_LOCAL_CI_TRANSCRIPT.txt","256e8c8b1937e9c732e14b68228ac897bc34ba8e51c70336c1f6213e675fc75f"
"docs/evidence/W4-U05_OPERATOR_EVIDENCE_COMMANDS.md","bf99980fc3fbbc61cb8614cd8e0cfb981fadacd8bcf89e65264d79825f098cf6"
"docs/evidence/W4-U05_PORTFOLIO_RISK_REPORT_IDS.json","a3d6ae1b5bda075566b9a9b76caded7b1512b3fe6decf9ab85f015c22ca0640b"
"docs/evidence/W4-U05_PORTFOLIO_RISK_TESTS_VERBOSE.txt","82f90305555c01f3a5b66f889b26712acaf76274d6ba911f5231d49605135ed5"
"docs/evidence/W4-U06_LOCAL_CI_TRANSCRIPT.txt","1c420ccc1e46f80a74b9ef7274163567d399dea7bdaadddad09f64446e4201bc"
"docs/evidence/W4-U06_OPERATOR_EVIDENCE_COMMANDS.md","7fcfdf0542375fc2b11f16e1d5dc961940600ffb3309555bba93bef6313aac9f"
"docs/evidence/W4-U06_SIGNAL_VALIDATION_REPORT_IDS.json","435cee8df631426180550a5afb9ce48ab074995d8547ce4b83ed4f130da57c25"
"docs/evidence/W4-U06_SIGNAL_VALIDATION_TESTS_VERBOSE.txt","01cc6ed48788093a1a961caef145c6f1e19523e63313e6a66a18051eb3d4ce65"
"docs/evidence/W4-U07_C1_C2_BROWSER_CORRECTION_COMMANDS.md","f6d44820bbe28486ab3167284830e4ca9272a57420ad81d819626ff2e55c8dab"
"docs/evidence/W4-U07_DASHBOARD_REPORT_IDS.json","037c6c4c061b4922d47d1814980b416952df65a02b4c8aec333ff8483725fb8c"
"docs/evidence/W4-U07_DASHBOARD_TESTS.txt","d3c4a64a84fdfa1981d0f9dab87674776f47452612d58abb188dfc38f976bbc4"
"docs/evidence/W4-U07_LOCAL_CI_TRANSCRIPT.txt","e9e15034b45f72f8e5bf548fd025551b246251d424a730d98adf271ad9058b05"
"docs/evidence/W4-U07_OPERATOR_EVIDENCE_COMMANDS.md","235e27a5c2d897050772f834b8f395e2ceda94f6291c1ead79b82e1ba3596cb3"
"docs/evidence/W4-U08_BACKEND_FULL_TESTS.txt","8bfae7aa9b37b0369bdf45eda686ad3be48c213962ba0eb7112df8f845a64dc8"
"docs/evidence/W4-U08_BUILD.txt","ef09f9976d50fa54d3ead5e773298a67a0db6c39c6c6173477ec0e89db28aa89"
"docs/evidence/W4-U08_DASHBOARD_TESTS.txt","be462181dfa7580e6bb52b3837392419167af64d8b59bcd3f7cb7c27339940b9"
"docs/evidence/W4-U08_FRONTEND_TESTS.txt","2301b96ec70f137e843f2b2d0a73dee7df4f63ce87595a7b756d2791c32c74b7"
"docs/evidence/W4-U08_LOCAL_CI_TRANSCRIPT.txt","90452f8466dca5e0be8d8b4df01fdb9041bb327df8e69d23b312cd9c9bb87942"
"docs/evidence/W4-U08_NPM_AUDIT.txt","6bf1428f41151b18d1fe822a2d1402d6477b743301d6e154ed2920c59819024a"
"docs/evidence/W4-U08_OPERATOR_EVIDENCE_COMMANDS.md","7096691455cb7eb1d081b96d3f55c0f7b2c10f8715d85119cc27fada6984c766"
"docs/evidence/W4-U08_RUFF.txt","af352a86840ad0af3d37ea0d9197f868363a6dac6b1c2ef5d2722f6b41d2d9af"
"docs/evidence/W4-U08_WAVE4_CLOSEOUT_EVIDENCE_INDEX.md","4a0e9db986d783be95dd14fb34e1e94a1583ab50d2d62d8693e928597d01bf40"
"docs/evidence/W5-U01_COLLABORATION_TESTS_VERBOSE.txt","4bf19990e79cf3388156fa2c27b57503147644a2323c82a6b17768fa9081f4a5"
"docs/evidence/W5-U01_LOCAL_CI_TRANSCRIPT.txt","dd337ec0a5552cf1b59acff76a0146fd8b18e4a4acd224ced9fca054ebc42d6e"
"docs/evidence/W5-U01_OPERATOR_EVIDENCE_COMMANDS.md","87eec1957ff9f93060a6aebd7f07ee27617e94b40a9731089896614db65f2032"
"docs/evidence/W5-U02_API_DETAIL.json","6b622e70c1a0514f50dcfe7ce69c3a144e88301e58afc23f4de9ae6ee93a6058"
"docs/evidence/W5-U02_API_LIST.json","19eb0709870797223038f210a26b9e18a612b4c5873a5a1b4de273e0ba11d346"
"docs/evidence/W5-U02_API_POST.json","83c09ba9a8daedb136f90b17a294caa90ad471a016e430df6e229acb5a81e100"
"docs/evidence/W5-U02_API_UNAUTH.json","cfec9feffbcc0dabaa0f92491e3609eeb1e9bc8d17625cd7f043be03b609c812"
"docs/evidence/W5-U02_COLLABORATION_TESTS_VERBOSE.txt","203c12cf4fe342667dcd81336dd0e82e6a7c383ab9263bbc1ac05944e0a2ecec"
"docs/evidence/W5-U02_LOCAL_CI_TRANSCRIPT.txt","aae70415765a9bf78bb24a3e723a82ca934a67d97f3ac3067db1fb75cb2936ab"
"docs/evidence/W5-U02_OPERATOR_EVIDENCE_COMMANDS.md","04726b108d7cc138c4954c42938a92d7a94320dce793e4a14b33fa79a5ef810d"
"docs/evidence/W5-U02_SEED_SCRIPT_OUTPUT.txt","da10257a56a7ade80461e412249bbe2241f469e042fde53a43891093b602cba4"
"docs/evidence/W5-U03_API_DETAIL.json","33ada6dc390ba1e2aae96e863e4bae7386a3d3ac911bd9404c8aed6c17649237"
"docs/evidence/W5-U03_API_LIST.json","506c0eedc0649ee0771042ed3f1f22f7445eb68806782c96bcaa380743ef64aa"
"docs/evidence/W5-U03_API_UNAUTH.json","cfec9feffbcc0dabaa0f92491e3609eeb1e9bc8d17625cd7f043be03b609c812"
"docs/evidence/W5-U03_BACKEND_TESTS_VERBOSE.txt","38f4c7de6bf67f63832fd95e0e1596669cdd5561c7b27b35de6294a7ae38b4ef"
"docs/evidence/W5-U03_FRONTEND_UI_TESTS_VERBOSE.txt","bbb4bac7d20c706ed1bac902ff46157e47e116395dcfc3e190bc8c6e7fdb42a7"
"docs/evidence/W5-U03_LOCAL_CI_TRANSCRIPT.txt","7d6ece0b198f06cd3755e87b38a657025b327d50f80e2fda8d3eba1d805b8107"
"docs/evidence/W5-U03_NO_EXEC_ENDPOINT.json","83c09ba9a8daedb136f90b17a294caa90ad471a016e430df6e229acb5a81e100"
"docs/evidence/W5-U03_NO_SIGNAL_ENDPOINT.json","83c09ba9a8daedb136f90b17a294caa90ad471a016e430df6e229acb5a81e100"
"docs/evidence/W5-U03_OPERATOR_EVIDENCE_COMMANDS.md","f607fb72acb03b0a44a8db751fe253f0d0a971891dd00344c881c414f551d1d6"
"docs/evidence/W5-U03_SEED_SCRIPT_OUTPUT.txt","31a5c260fbaedbb9d722b3d40a44ec039539396a57b9dc7d48c0fd09eefdce09"
"docs/evidence/W5-U04_API_AUTH_DETAIL.json","e38bd6004b6dc1ec3d6acdf47f67786b6e70b2e61aabf328c504e0ca0ba7df82"
"docs/evidence/W5-U04_API_AUTH_LIST.json","014fd7fc1083517b08f8c9acea0909eb4022659b53be80dda1a228b0fbb32b6f"
"docs/evidence/W5-U04_API_UNAUTH_LIST.json","cfec9feffbcc0dabaa0f92491e3609eeb1e9bc8d17625cd7f043be03b609c812"
"docs/evidence/W5-U04_BACKEND_TESTS_VERBOSE.txt","23109bc19457cd9dbae2404dcb9d767db375bdd553a5c3bba4499b371f4d6e29"
"docs/evidence/W5-U04_FRONTEND_UI_TESTS_VERBOSE.txt","f9743a66395335e24c5c59c03ee0b694e6b2569d22310a6f9f995fb806bbd2a4"
"docs/evidence/W5-U04_LOCAL_CI_TRANSCRIPT.txt","5d94c5baee9e40812d4d72bb16c8a4c59523cd397e9e8ba2e5895e088e9cad1b"
"docs/evidence/W5-U04_NO_GUARDRAIL_OVERRIDE.json","83c09ba9a8daedb136f90b17a294caa90ad471a016e430df6e229acb5a81e100"
"docs/evidence/W5-U04_NO_SIGNAL_EMIT.json","83c09ba9a8daedb136f90b17a294caa90ad471a016e430df6e229acb5a81e100"
"docs/evidence/W5-U04_NO_SIGNAL_POST.json","83c09ba9a8daedb136f90b17a294caa90ad471a016e430df6e229acb5a81e100"
"docs/evidence/W5-U04_OPERATOR_EVIDENCE_COMMANDS.md","9f51c4a2323fc70097f313d5aaf9b23f93b4e8d890bd92c1fb06b7795252753a"
"docs/evidence/W5-U04_SIGNAL_AFTER.txt","744e12c789770d2a28eb380bc5db4a32d17b08883c71831c247260d7f042bd15"
"docs/evidence/W5-U04_SIGNAL_BEFORE.txt","744e12c789770d2a28eb380bc5db4a32d17b08883c71831c247260d7f042bd15"
"docs/evidence/W5-U04_SIGNAL_DETAIL.json","e38bd6004b6dc1ec3d6acdf47f67786b6e70b2e61aabf328c504e0ca0ba7df82"
"docs/evidence/W5-U04_SIGNAL_LIST.json","014fd7fc1083517b08f8c9acea0909eb4022659b53be80dda1a228b0fbb32b6f"
"docs/evidence/W5-U05_API_AUTH_DETAIL.json","ba17cf570b8105ace0538d60dcc5438e2800f4723f429410e0ad3d171ed7dc6e"
"docs/evidence/W5-U05_API_AUTH_LIST.json","cc7b8056958f48a7d5dc20fdba81a12af691ea268ad58e549a4a43c0cc961c3f"
"docs/evidence/W5-U05_API_UNAUTH_LIST.json","cfec9feffbcc0dabaa0f92491e3609eeb1e9bc8d17625cd7f043be03b609c812"
"docs/evidence/W5-U05_BACKEND_TESTS_VERBOSE.txt","29d4e9a49bf119bb0ccb53f668fedbb2d60b20ac011aad24e56095c72edb9423"
"docs/evidence/W5-U05_C1_CORRECTION_COMMANDS.md","bf19e6dfe703ce4c3f1f63b56d0283dea2a4e5ff90cd43b313ba54885bf1e2f3"
"docs/evidence/W5-U05_C1_SCENARIO_DETAIL_1.json","83d04db57b1a707cab830a1b81875b8828d26562052abde936c128d7986c89b9"
"docs/evidence/W5-U05_C1_SCENARIO_DETAIL_2.json","2f4722d58d9a44ce6ed071982e3c9a864c9899a70a8a6b1a25252ad5cca00186"
"docs/evidence/W5-U05_C1_SCENARIO_LIST.json","44cd40e4db4b87246c3a7b127df7f3a3002c029cd757ab424244dfb03b9677ea"
"docs/evidence/W5-U05_C1_W4U04_SEED_OUTPUT.txt","a89ae9a7cbe6d07974b92c7843ea71708efed6d452e080523f4245f1490bde34"
"docs/evidence/W5-U05_FRONTEND_UI_TESTS_VERBOSE.txt","ff981a47578f8c89727db862d4dc51ccab2ed7ab61bccfacb426087fae6b4a56"
"docs/evidence/W5-U05_LOCAL_CI_TRANSCRIPT.txt","c323e07fb1b06b1648a41a4423df92da885b8102ddf671204d57d0ca784fbdc1"
"docs/evidence/W5-U05_NO_SCENARIO_COMPARE_POST.json","83c09ba9a8daedb136f90b17a294caa90ad471a016e430df6e229acb5a81e100"
"docs/evidence/W5-U05_NO_SCENARIO_GENERATE.json","83c09ba9a8daedb136f90b17a294caa90ad471a016e430df6e229acb5a81e100"
"docs/evidence/W5-U05_NO_SCENARIO_POST.json","83c09ba9a8daedb136f90b17a294caa90ad471a016e430df6e229acb5a81e100"
"docs/evidence/W5-U05_OPERATOR_EVIDENCE_COMMANDS.md","23a39a57bce80ae5b4912e88dcbfda785d0c7e549b0648c9a92b249e7697d51b"
"docs/evidence/W5-U05_SCENARIO_DETAIL_1.json","ba17cf570b8105ace0538d60dcc5438e2800f4723f429410e0ad3d171ed7dc6e"
"docs/evidence/W5-U05_SCENARIO_DETAIL_2.json","c68bad5b4445bbfaf937cdcfaf3526f2f2204cbf6b8f3502b0b26dd89ae34af7"
"docs/evidence/W5-U05_SCENARIO_LIST.json","cc7b8056958f48a7d5dc20fdba81a12af691ea268ad58e549a4a43c0cc961c3f"
"docs/evidence/W5-U06_API_DETAIL.json","1062c30c3d1c5fcc287dfefa5690f4d50159cc0e705fcf5f5fcb906344797a3a"
"docs/evidence/W5-U06_API_LIST.json","0c34639ce0c07a5e482711ba4799ca308a6719a0d923cd64c79663b2a0eecc24"
"docs/evidence/W5-U06_API_UNAUTH_LIST.json","cfec9feffbcc0dabaa0f92491e3609eeb1e9bc8d17625cd7f043be03b609c812"
"docs/evidence/W5-U06_BACKEND_TESTS_VERBOSE.txt","13b5276b750eacd0ee7ad9b79ef7a666f2263e08ff72b4f9739eae2e7ad845cf"
"docs/evidence/W5-U06_FRONTEND_UI_TESTS_VERBOSE.txt","502369efded24ef4d714049ebcd1074f0975a9244479b6d0e5ba6b28a024e8b9"
"docs/evidence/W5-U06_LOCAL_CI_TRANSCRIPT.txt","bf7501ba61ed045d43ee3799ae8edab8ea6cfe1a666edb7a1dcc6b42e9991076"
"docs/evidence/W5-U06_NO_emit-signal.json","83c09ba9a8daedb136f90b17a294caa90ad471a016e430df6e229acb5a81e100"
"docs/evidence/W5-U06_NO_execute.json","83c09ba9a8daedb136f90b17a294caa90ad471a016e430df6e229acb5a81e100"
"docs/evidence/W5-U06_NO_submit.json","83c09ba9a8daedb136f90b17a294caa90ad471a016e430df6e229acb5a81e100"
"docs/evidence/W5-U06_OPERATOR_EVIDENCE_COMMANDS.md","22eb0b78302d5835177b1b819d4e7c5030bca36a1d11a743e86217d5f7023ec1"
"docs/evidence/W5-U06_SEED_SCRIPT_OUTPUT.txt","e7792e3f2321355637bac7a8bb53b7f2a46287e759ffdb4377a276079313a753"
"docs/evidence/W5-U07_API_DETAIL.json","e3d7b505988287548b9bfe31614d84c19f645b24f626b60da26c767b4d89cc7d"
"docs/evidence/W5-U07_API_LIST.json","0902545091cf76c2dc0c86f9ab2241b442735cf636673f7c2e37b3ddf903453b"
"docs/evidence/W5-U07_API_UNAUTH_LIST.json","cfec9feffbcc0dabaa0f92491e3609eeb1e9bc8d17625cd7f043be03b609c812"
"docs/evidence/W5-U07_BACKEND_TESTS_VERBOSE.txt","8e8bc9b2e56f10b799831991bc7afbb13a97beb6a8f8bb9a4b5c5bfacaded97e"
"docs/evidence/W5-U07_FRONTEND_UI_TESTS_VERBOSE.txt","0f43648bc78edb36d7c769691187d0bf2e7c08c623717c1cefc139bdba4c7245"
"docs/evidence/W5-U07_LOCAL_CI_TRANSCRIPT.txt","1cbf67bf16c011a48093b8e49432068a404546d1603199e5170a9d3fd24bf4be"
"docs/evidence/W5-U07_NO_emit-signal.json","83c09ba9a8daedb136f90b17a294caa90ad471a016e430df6e229acb5a81e100"
"docs/evidence/W5-U07_NO_execute.json","83c09ba9a8daedb136f90b17a294caa90ad471a016e430df6e229acb5a81e100"
"docs/evidence/W5-U07_NO_submit.json","83c09ba9a8daedb136f90b17a294caa90ad471a016e430df6e229acb5a81e100"
"docs/evidence/W5-U07_OPERATOR_EVIDENCE_COMMANDS.md","b36257e364f61d1154a27a053bb6df01f63bf4634573e0ce2f800837309f8849"
"docs/evidence/W5-U07_SEED_SCRIPT_OUTPUT.txt","679561d17ee205b2c77bcc94e23659e851edb216a674c03f192cab745c31309a"
"docs/evidence/W5-U08_ASSISTANT_PROMPT_INJECTION_PROOF_INDEX.md","37c3f76b68b49f7b57aaa227bbc6539b8c947a52168d8c507e71a7a1a1817658"
"docs/evidence/W5-U08_ASSISTANT_SAFETY_TESTS_VERBOSE.txt","affd90b56a2d7fde06ba515df7ee8287338bb8bc40e7a57767a6d459516ab938"
"docs/evidence/W5-U08_LOCAL_CI_TRANSCRIPT.txt","fba64b375a70ead3053f46b69955521a7c273c7ce3897b5ef0c42bf51ca85edc"
"docs/evidence/W5-U08_OPERATOR_EVIDENCE_COMMANDS.md","fcf35e351f87818f46aca9bf8703744eaf506d1a57687e88c23df75b5c803d8d"
"docs/evidence/W5-U08_WAVE5_CLOSEOUT_EVIDENCE_INDEX.md","f4a30a734b2076a88ceedce7bfaf275a9f3fc7e72fcdca4233b569ee3289ed81"
"docs/evidence/W6-U01_C1_C2_CORRECTION_COMMANDS.md","83b12552b210df8c18055fb3d308981206c5864267675c79e516667291ac9e26"
"docs/evidence/W6-U01_C1_REFUSAL_SCRIPT_OUTPUT.txt","b74aaab733e02ab0af76a098f592ce81bff80a396208a596f8745f8b83047354"
"docs/evidence/W6-U01_LOCAL_CI_TRANSCRIPT.txt","f34882699aa41cbe35e0fdbf03c608c5e1d758b2cf6fc1c3425c4c94329eea06"
"docs/evidence/W6-U01_OPERATOR_EVIDENCE_COMMANDS.md","9cee2814e542a0b9820d8466aac354531ea96e543d5eaca4577918ab4d1850a2"
"docs/evidence/W6-U01_SAFETY_TESTS_VERBOSE.txt","217e991ead826367162b4a7fc0ccad55f486fce8c146b2ccc6ab993c50cbaf4e"
"docs/evidence/W6-U02_API_FILLS.json","ab91cef7c65d2c8a90c65f551a631be3fafc823f4d144f27b9e04d0833e59d35"
"docs/evidence/W6-U02_API_RUN_DETAIL.json","8fbc8473e822a574450863537186cb9eb6b5b887a51e4c867a43a4c616223b89"
"docs/evidence/W6-U02_API_RUNS.json","20401b30b1561112e178210675e0e9b4b2fc8770770e294967440c43604855c0"
"docs/evidence/W6-U02_API_UNAUTH_RUNS.json","cfec9feffbcc0dabaa0f92491e3609eeb1e9bc8d17625cd7f043be03b609c812"
"docs/evidence/W6-U02_LOCAL_CI_TRANSCRIPT.txt","19bff867026ee999b62a9417a8af406e99ad9868a3202ba88993ff74fdbfb1ec"
"docs/evidence/W6-U02_NO_EXECUTE.json","83c09ba9a8daedb136f90b17a294caa90ad471a016e430df6e229acb5a81e100"
"docs/evidence/W6-U02_OPERATOR_EVIDENCE_COMMANDS.md","38aaf1cb814e80d5f2130765955e3939d3ccda9cf95d58bf1be09da7889ac97f"
"docs/evidence/W6-U02_SEED_SCRIPT_OUTPUT.txt","9f2973df99f81a85870f16a585bba902f8f26236383a01e63afca676e2cac6f6"
"docs/evidence/W6-U02_SIMULATED_EXECUTION_TESTS_VERBOSE.txt","8898712a0d983b8c6a62fc784a8fe20aa5714aa1727d0401d3a8f71e5ef77151"
"docs/evidence/W6-U03_API_LEDGER_DETAIL.json","c8831025f109e49c529cd811c702d986da375f21cc2318e49f86af4325e51775"
"docs/evidence/W6-U03_API_LEDGER_LIST.json","06f262e818196d37283949499d17fa10025b3a03204b6238e6de51ee5704e77b"
"docs/evidence/W6-U03_API_UNAUTH_LEDGER.json","cfec9feffbcc0dabaa0f92491e3609eeb1e9bc8d17625cd7f043be03b609c812"
"docs/evidence/W6-U03_LEDGER_SEED_OUTPUT.txt","b9e63523876c1c1595652e3ee5a607683c3ceb86b9cb980bf0a18067f7435b58"
"docs/evidence/W6-U03_LEDGER_TESTS_VERBOSE.txt","42ab6fa4abb6005b4594a38a140a4a26612763e976828dfd0d4ef6c450b784fa"
"docs/evidence/W6-U03_LOCAL_CI_TRANSCRIPT.txt","16652621f6bacc24ba443daf21e75cef4b682e5d8b0c0d1f3227a0a41e9d2c6e"
"docs/evidence/W6-U03_NO_EXECUTE.json","83c09ba9a8daedb136f90b17a294caa90ad471a016e430df6e229acb5a81e100"
"docs/evidence/W6-U03_OPERATOR_EVIDENCE_COMMANDS.md","e79367afa8ee7751e2f71b8f6dcd3b51bfa4e4a8a617a8adec988854ea6d74d0"
"docs/evidence/W6-U03_W6U02_SEED_OUTPUT.txt","8b8790ddef811dc810976b3823aba9a752fc14f96fb161b593747765063bf7ca"
"docs/evidence/W6-U04_API_REPORT_DETAIL.json","810e67633643c2824ef002e172b5fffd4d1573e1f6f83d4ce31414dbf0d0137c"
"docs/evidence/W6-U04_API_REPORT_LIST.json","b836d17d089d6c85a8d4bf91adaad47f332be691e66336396069bf568e98231b"
"docs/evidence/W6-U04_API_UNAUTH_REPORTS.json","cfec9feffbcc0dabaa0f92491e3609eeb1e9bc8d17625cd7f043be03b609c812"
"docs/evidence/W6-U04_C1_C2_CORRECTION_COMMANDS.md","979d5db27350e33a7753cf1ba628dbd2e309f1439cae26c6d2fbae21508be875"
"docs/evidence/W6-U04_C1_SEED_OUTPUT.txt","240e9b1e6032dbf48cabe6e8dfc010d9ef3276a5b5f97c27a87e95235e65002d"
"docs/evidence/W6-U04_LOCAL_CI_TRANSCRIPT.txt","3265dab9e544ce2a0cc478880df41120656cf49d4984934c375f8423f44bf160"
"docs/evidence/W6-U04_NO_EXECUTE.json","83c09ba9a8daedb136f90b17a294caa90ad471a016e430df6e229acb5a81e100"
"docs/evidence/W6-U04_OPERATOR_EVIDENCE_COMMANDS.md","c9e00b03d323e039570a17cfab241b31cfcbffbd0a5a54994256f9696092fa60"
"docs/evidence/W6-U04_RISK_REPORT_TESTS_VERBOSE.txt","773c29b6c2c5f80baf654c49355745141f4cf883c17fb57596893601fad9f053"
"docs/evidence/W6-U04_SEED_OUTPUT.txt","72096ce1cf32b20903425aa372eb56b7560c1685f10de6806b0f1faa06ff9ffc"
"docs/evidence/W6-U05_API_EXPERIMENT_DETAIL.json","e2129da0b4c5c2bfa881bbd3da741a68326fa991a6d2b14d92692146ecd52fe1"
"docs/evidence/W6-U05_API_EXPERIMENT_LIST.json","815038e9e10379ffc4c29e175f15f00e6c34d4749b5c78c3c5b893d1fc8cb2da"
"docs/evidence/W6-U05_API_UNAUTH_EXPERIMENTS.json","cfec9feffbcc0dabaa0f92491e3609eeb1e9bc8d17625cd7f043be03b609c812"
"docs/evidence/W6-U05_EXPERIMENT_TESTS_VERBOSE.txt","7ce16eaf18b27535d5ad4d3dc3a77afb365d3e530391ce6f29c3a2a51751019b"
"docs/evidence/W6-U05_LOCAL_CI_TRANSCRIPT.txt","e9ad091f801c0345460c8e16bc21a07821fe70f7f53b6ba39701987b3ee8eaea"
"docs/evidence/W6-U05_NO_EXECUTE.json","83c09ba9a8daedb136f90b17a294caa90ad471a016e430df6e229acb5a81e100"
"docs/evidence/W6-U05_NO_MUTATION.json","83c09ba9a8daedb136f90b17a294caa90ad471a016e430df6e229acb5a81e100"
"docs/evidence/W6-U05_OPERATOR_EVIDENCE_COMMANDS.md","8e4eecda7f9c5508e026998981540b88d6c4b6314b2de8ce9ae7aea0650da899"
"docs/evidence/W6-U05_SEED_OUTPUT.txt","12b2ee91a1b8628f2828e8f3c4328a23464d7b644d6867b0faae9eb0bcc150da"
"docs/evidence/W6-U06_ANALYTICS_TESTS_VERBOSE.txt","8c76867af8c9fcc892d252f8a780000196a8c3c6b14c1ad1da1bc813f2aea6ba"
"docs/evidence/W6-U06_API_ANALYTICS_DETAIL.json","10dd69274ed7f0a859206262ce1fb9fb1abcea09ca962caf0ebd046024c1dc08"
"docs/evidence/W6-U06_API_ANALYTICS_LIST.json","9724ab43df9d06a212338c72f9ec96d8f9af47ddc5ee7d9541a88080223e41b6"
"docs/evidence/W6-U06_API_UNAUTH_ANALYTICS.json","cfec9feffbcc0dabaa0f92491e3609eeb1e9bc8d17625cd7f043be03b609c812"
"docs/evidence/W6-U06_LOCAL_CI_TRANSCRIPT.txt","e98555611f2bd49972d772d4aae621c8a13bfa5ae6b0beb9ab004e7ce689e52e"
"docs/evidence/W6-U06_NO_EXECUTE.json","83c09ba9a8daedb136f90b17a294caa90ad471a016e430df6e229acb5a81e100"
"docs/evidence/W6-U06_OPERATOR_EVIDENCE_COMMANDS.md","c6fc02b6c353c6787c0608fe41f8827e5f6ac446a60bc22a5aca478484641970"
"docs/evidence/W6-U06_SEED_OUTPUT.txt","a9968ed184dfcdd4ad044853f789be2c422ed559afacbe19f66218a7c3dd3ac9"
"docs/evidence/W6-U07_C1_C2_CORRECTION_COMMANDS.md","7557dc8cef5ba83d9a3d993d7e167bc1deb5d733a1fbc1dd0e00f085b0edb32a"
"docs/evidence/W6-U07_C1_LOCAL_CI_TRANSCRIPT.txt","31e043f9197c882ac62ee00bc28b76eaca2408472e47fab46d914d5f17f788cb"
"docs/evidence/W6-U07_FRONTEND_TESTS_VERBOSE.txt","1fbf2b7fc37a6eb3041bdb7afb91a5274ba66a488b824be164c504d7c8e6daa8"
"docs/evidence/W6-U07_LOCAL_CI_TRANSCRIPT.txt","670fe6b1a0780799e26edb5188e35a02cb5573a00887e18e10b084581b35fe65"
"docs/evidence/W6-U07_OPERATOR_EVIDENCE_COMMANDS.md","f92c9885f3a8d535778ad13eb5f5b9d132874df82d8ab0eeff9143db142e7d05"
"docs/evidence/W6-U07_SEED_OUTPUT.txt","c826c98f5ef7180738eb6716e4ca6ac2aef185389dea5b0b3f2e2ac972e7b9f2"
"docs/evidence/W6-U08_C1_C2_CORRECTION_COMMANDS.md","41a026cd665d3e19eac2387a32a61c8a05fe7b5c4d58f520196cfc451bab9593"
"docs/evidence/W6-U08_CLOSEOUT_TESTS_VERBOSE.txt","a296814785cf81c436e00854ac3ed12b924b601e52ae4ea035057296e031b449"
"docs/evidence/W6-U08_LOCAL_CI_TRANSCRIPT.txt","6ca68c51ba991e3e221dcf6211f20a27e8695ec2c4a75fdffe9bddc2983e9bb0"
"docs/evidence/W6-U08_OPERATOR_EVIDENCE_20260718_131219.txt","90a94ee660d3cd669083ecf80cdf9446a6e757850c5041896551798f3c7d4b42"
"docs/evidence/W6-U08_OPERATOR_EVIDENCE_20260718_131925.txt","9cbfb3483b55834f4cf1727768ef59ec5fd77e36102325ba1a0522247b08826b"
"docs/evidence/W6-U08_OPERATOR_EVIDENCE_COMMANDS.md","9574383bfc5a670081d62d68bfab18579082a18a479fcbb7bb6d1511c8f7c3cc"
"docs/evidence/W6-U08_SEED_OUTPUT.txt","50cbc4f5a5f790647b8ab9969979f969d97752ea6b6850a2789622825804db99"
"docs/evidence/W6-U08_WAVE6_CLOSEOUT_EVIDENCE_INDEX.md","800000ab216b172c5d1ab09088194e00b1080711ffd4aade6878647970419474"
"docs/evidence/W7-U01_LOCAL_CI_TRANSCRIPT.txt","b6afa38689a5ec155d5f48d2c3f87cd3bdcbb9f7d8d80cc2b0699de1582644a6"
"docs/evidence/W7-U01_OPERATOR_A_OWN_SCOPE.json","dfeeb6e3817324735ff3245693d519160932515b81788c0ab60643266754659a"
"docs/evidence/W7-U01_OPERATOR_B_READ_A_SCOPE.json","933fab26efbfd38a8d5c3b0936987d62b840fe2071a08a4537f201a6078c43ee"
"docs/evidence/W7-U01_OPERATOR_B_SCOPE_LIST.json","e6fb40a424078f96cc265b2c02ee18666fb4be91e6b4bcdfbc1be5414cb0e410"
"docs/evidence/W7-U01_OPERATOR_EVIDENCE_COMMANDS.md","1960be5bf0e03a62d2a2090ccc74a8bc3a6dc5e1f03998445e92f57027e872d3"
"docs/evidence/W7-U01_OPERATOR_SEED_OUTPUT.txt","9b117f054f4bf53744d402536430abdb685fa1993c842927dd515d206dc1a808"
"docs/evidence/W7-U01_operator-scope-records.json","16ceeae89cf47dacfec93ac5e8fef2332c4cbb59f9a78084a2ad975517365ef6"
"docs/evidence/W7-U01_permissions.json","4a6cdb6fc7540eafd204452dfe585a8a42724d217e49ce31b67d31261c7ece6a"
"docs/evidence/W7-U01_RBAC_PERMISSIONS.json","4a6cdb6fc7540eafd204452dfe585a8a42724d217e49ce31b67d31261c7ece6a"
"docs/evidence/W7-U01_ROUTE_INVENTORY.json","dac67555c5dc2533feaf64826be12305e172c7f2e90de6aeb1110518e52fefaf"
"docs/evidence/W7-U01_route-inventory.json","dac67555c5dc2533feaf64826be12305e172c7f2e90de6aeb1110518e52fefaf"
"docs/evidence/W7-U01_SECURITY_TESTS_VERBOSE.txt","0e52365d03fcdd3c26ea48246e665601c3848ef0edb44c548013196459755b5f"
"docs/evidence/W7-U01_UNPRIV_ROUTE_INVENTORY.json","f7d0c86459ed6d4f944bc4567b58fbe0616998e314b5fe541081da1d2a1f44ee"
"docs/evidence/W7-U02_A_READ_A_PREF.json","96a10c4a87c4900df662cd1a6f6518ca4c99d5975a6149e63c352f76d3be8f47"
"docs/evidence/W7-U02_B_PREF_LIST.json","cfec9feffbcc0dabaa0f92491e3609eeb1e9bc8d17625cd7f043be03b609c812"
"docs/evidence/W7-U02_B_READ_A_PREF.json","96a10c4a87c4900df662cd1a6f6518ca4c99d5975a6149e63c352f76d3be8f47"
"docs/evidence/W7-U02_B_WRITE_A_PREF.json","83c09ba9a8daedb136f90b17a294caa90ad471a016e430df6e229acb5a81e100"
"docs/evidence/W7-U02_BACKEND_TESTS_VERBOSE.txt","6569f42ba8574a7764c8cd0bb94b918183847ba94a1b26e3ba1424d9a9435958"
"docs/evidence/W7-U02_C1_A_READ_A_PREF.json","c4a380c55023d2200fc7b7904cd7159aae45e5b35aff545575bfa2a675944c24"
"docs/evidence/W7-U02_C1_API_ROOT.txt","96a10c4a87c4900df662cd1a6f6518ca4c99d5975a6149e63c352f76d3be8f47"
"docs/evidence/W7-U02_C1_B_PREF_LIST.json","282cf17f60f12a0da83ec18f679137ca7b15e0c7c584261cb8254ab41716917b"
"docs/evidence/W7-U02_C1_B_READ_A_PREF.json","74a8287a820b8bfdddfe0f58b47a509c43849b0e3a0be42d1d7be97e75ea3589"
"docs/evidence/W7-U02_C1_B_READ_B_PREF.json","b8166baab478a11e2d3100bdd56918c67a6fb507ef968614005fbbaa9046fbef"
"docs/evidence/W7-U02_C1_B_WRITE_A_PREF.json","abe90822d456f8bfe228acd5ba955e0d50297e560d9d08327177cdef6c0a6c2a"
"docs/evidence/W7-U02_C1_CORRECTION_COMMANDS.md","6d8ec7895f84af359a8986eaafce3e228b27c50cbb21053627e061145243a7a9"
"docs/evidence/W7-U02_C1_TWO_OPERATOR_SEED.json","668ac545c8c611463fc278ca87d3c87664949c17d2c1159f843aa104ab15a104"
"docs/evidence/W7-U02_C1_TWO_OPERATOR_SEED.txt","b67e7238ceb7d1bc15596461344b1c1edf6e04731a4d5843b6264e68fabda10b"
"docs/evidence/W7-U02_C1_UNAUTH_PREF_LIST.json","cfec9feffbcc0dabaa0f92491e3609eeb1e9bc8d17625cd7f043be03b609c812"
"docs/evidence/W7-U02_FRONTEND_TESTS_VERBOSE.txt","3557f298399f1a0ca5f8f4bda67d950457c24e885c0eefd908e7ee87d9fb5b06"
"docs/evidence/W7-U02_LOCAL_CI_TRANSCRIPT.txt","d37c49f5b597aa253f1543aa9c390bf3a9b30da99bb98b0184eee15daf87b56f"
"docs/evidence/W7-U02_OPERATOR_EVIDENCE_COMMANDS.md","6a29eb0333bb58f2f7e2d93a6d9f0bcc2c1ee1e9a00c08b3bd6a61acb2536739"
"docs/evidence/W7-U02_SEED_OUTPUT.txt","314407fc854056362918ddbb2124aca8e17320ab56bed82659bfd2f8057d7b58"
"docs/evidence/W7-U02_TWO_OPERATOR_SEED.txt","ae76039d9cec12bfc5159c548636bcdfefb086199751f8ec3fa72ce2e6f33292"
"docs/evidence/W7-U03_A_READ_A_COLLECTION.json","868b95c88c1bec16b69bf0b1835b84dbcd22a14650eaeea53ea30c792be2ff07"
"docs/evidence/W7-U03_B_COLLECTION_LIST.json","d68c6d8d68fb4731f4542d55b54bdbdb5a0ab5b8cdf3d5b583e2b15b5222ff9a"
"docs/evidence/W7-U03_B_DELETE_A_TAG.json","d19b39186207d794832fd1cffdd18cea7814f103e2ef55a5e5fd0168b5e15870"
"docs/evidence/W7-U03_B_MUTATE_A_COLLECTION_EMPTY_BODY.json","edc5812847ec8b95cb1916e577e56bef7b39a67edebbe02d4408af56819a84ef"
"docs/evidence/W7-U03_B_READ_A_COLLECTION.json","edc5812847ec8b95cb1916e577e56bef7b39a67edebbe02d4408af56819a84ef"
"docs/evidence/W7-U03_B_READ_A_TAG.json","d19b39186207d794832fd1cffdd18cea7814f103e2ef55a5e5fd0168b5e15870"
"docs/evidence/W7-U03_B_READ_B_COLLECTION.json","bc5fbb12c16bd191265a8b0655606af8a4202488b3ae70e02e95d85dbb1672ad"
"docs/evidence/W7-U03_B_TAG_LIST.json","d4deb4e5f963a5cf409a99b758fcbf3bef0b2c173c5c6a04deef920cec016cd0"
"docs/evidence/W7-U03_BACKEND_TESTS_VERBOSE.txt","e56cfef1ca8c7c150f4ddbf3aaa43c663179081d155d3ecd8314db90059452eb"
"docs/evidence/W7-U03_C1_C2_CORRECTION_COMMANDS.md","065adc0eb888b25342fe537edbae6073c31f900f6fee2fb00b21ac88dd3ce114"
"docs/evidence/W7-U03_C1_FORBIDDEN_COLUMNS_COUNT.txt","557f945f6afd863ee90f1f70cc46dbdf713a08b5cce138a73a2dfe51771b09b8"
"docs/evidence/W7-U03_C1_FORBIDDEN_COLUMNS_RAW.txt","bd5a48c369ca832db5bb41c611cfdf6a278d51a9d5f2ff7b521e578595c19529"
"docs/evidence/W7-U03_C2_ALEMBIC_CURRENT.txt","d3e5e5e9dfa67100391c8a2782286d9b079e2473551d09ca1b11ca4a47a04108"
"docs/evidence/W7-U03_EVIDENCE_FIX_COMMANDS.md","ac8e734e01573013432589195035e7b482b02d142a7052cd32787fabf78137be"
"docs/evidence/W7-U03_FRONTEND_TESTS_VERBOSE.txt","a352d486bd3622eef1f231f5f434492cd3f647017a7f80bd7c86db25430f1504"
"docs/evidence/W7-U03_LOCAL_CI_TRANSCRIPT.txt","e713594926acae3760bd527388252379a7dff11af98b20a6a45f002475033d2b"
"docs/evidence/W7-U03_OPERATOR_EVIDENCE_20260718_184040.txt","b7fb5ea37fdeb85989b680a393b090569704afe95af97779adb1cea4b03aaffd"
"docs/evidence/W7-U03_OPERATOR_EVIDENCE_COMMANDS.md","64633616bf2df46d0b7594c62d86060875ec5f010786c17ef68e6363193c4e3b"
"docs/evidence/W7-U03_SEED_OUTPUT_FIX.txt","bc2589d896f011fe73733851db87343e9b2f59a9f384e8feda0f08ade89a50bf"
"docs/evidence/W7-U03_TWO_OPERATOR_SEED.json","8ef565e20a90b739827e7977a26664ea0e9dff2abd38534a2075e9e3562404e3"
"docs/evidence/W7-U03_TWO_OPERATOR_SEED.txt","0aa2fc5bac04c4ec3aa7705941620d26c69ec8c2fd775fb79f85fe5acdeadcdd"
"docs/evidence/W7-U04_ALEMBIC_CURRENT.txt","d3e5e5e9dfa67100391c8a2782286d9b079e2473551d09ca1b11ca4a47a04108"
"docs/evidence/W7-U04_API_CATALOGUE.json","863070d68cb66fa229b2df450624ff5762171ac64f4a35057c4115d8bbb561ca"
"docs/evidence/W7-U04_BACKEND_TESTS_VERBOSE.txt","f662b62ecb251ecdf23c1fcee577134a6cc5601e8a06bbf097dd91f1453c7abe"
"docs/evidence/W7-U04_C1_A_READ_A_COLLECTION.json","c540b8adf4c279394e78bc64cc2a4a99c61da655f92b0f0ec64e910fa355083c"
"docs/evidence/W7-U04_C1_API_CATALOGUE.json","863070d68cb66fa229b2df450624ff5762171ac64f4a35057c4115d8bbb561ca"
"docs/evidence/W7-U04_C1_API_ROOT.txt","3ac9325b14390a491fbe1994f8add00eb97e868742eb8c61f833adf710ae4a9a"
"docs/evidence/W7-U04_C1_B_COLLECTION_LIST.json","f24cf791bceaf43157294bb3c0070e4a35f847258d712f0982bed52523e42fe4"
"docs/evidence/W7-U04_C1_B_MUTATE_A_EMPTY_BODY.json","edc5812847ec8b95cb1916e577e56bef7b39a67edebbe02d4408af56819a84ef"
"docs/evidence/W7-U04_C1_B_READ_A_COLLECTION.json","edc5812847ec8b95cb1916e577e56bef7b39a67edebbe02d4408af56819a84ef"
"docs/evidence/W7-U04_C1_CORRECTION_COMMANDS.md","37c2b6cd3b6304c8b828d84947b17545df6204aa11df96e77891c295ee1c24db"
"docs/evidence/W7-U04_C1_TWO_OPERATOR_SCOPE_SEED.json","f0a238a882fa22200f6e478e9599a22b9a32dc48f173802564eef1d05033f0e9"
"docs/evidence/W7-U04_C1_TWO_OPERATOR_SCOPE_SEED.txt","5935dee1277cb0b7fdc084d15ca2b679f58e73eb32ea341cb53a152f79d5fac1"
"docs/evidence/W7-U04_LOCAL_CI_TRANSCRIPT.txt","f87c5c0fdc8bc1fc65cba33110e98fdb75f72933134faaf6e62e4054e89cee29"
"docs/evidence/W7-U04_OPERATOR_EVIDENCE_COMMANDS.md","87d8457fc78332d356ff4d90d14be2420c9e205d88ac8fa5ff139bc9666d6895"
"docs/evidence/W7-U04_TWO_OPERATOR_SCOPE_SEED.json","65456ec4c00634b0bf44ee9d161f5058522bb7f4de77803588fb8944d0859485"
"docs/evidence/W7-U04_TWO_OPERATOR_SCOPE_SEED.txt","5dc3d97f9f2a947fd5136ca33cc8a679c8caf45e1f6509b03efd46c4b5e38245"
"docs/evidence/W7-U05_ALEMBIC_CURRENT.txt","d3e5e5e9dfa67100391c8a2782286d9b079e2473551d09ca1b11ca4a47a04108"
"docs/evidence/W7-U05_BACKEND_TESTS_VERBOSE.txt","8bcd5b840a59bd9a7c47869869934aab2ceae15743a8a64694559e03b1457198"
"docs/evidence/W7-U05_OPERATOR_EVIDENCE_COMMANDS.md","b033379c81c84617aeeaeb77983a46e3ff8d0b4db88eedfb2f4aac92ad283a78"
"docs/evidence/W7-U05_PLUGIN_CONTRACTS_AUTH.json","91320dcbc3f94de9c00bb79208503ed5b1b60a9858527c55ba545cbf470ca718"
"docs/evidence/W7-U05_PLUGIN_CONTRACTS_UNAUTH.json","cfec9feffbcc0dabaa0f92491e3609eeb1e9bc8d17625cd7f043be03b609c812"
"docs/evidence/W7-U05_PLUGIN_REFUSAL_OUTPUT.txt","c8b54eb43e406cee42fdab6900617efbdd1b1c18b014d90df10b7d5b7c9aa98f"
"docs/evidence/W7-U06_A_DASHBOARD.json","e9c40c039fc9c3a427faebfb77fd2571e6446f07d6ea4e59a273e712d94fe979"
"docs/evidence/W7-U06_ADMIN_DASHBOARD.json","27a839ef7ecf5b893b8b5b60e46ad63f2f71855efa3ce3cb24de20be71159ade"
"docs/evidence/W7-U06_ADMIN_REPORT.json","41b772c3cfde32c1b605c186a6b724643c4fa7f81fa61040cee4bdaf98c1051e"
"docs/evidence/W7-U06_ALEMBIC_CURRENT.txt","d3e5e5e9dfa67100391c8a2782286d9b079e2473551d09ca1b11ca4a47a04108"
"docs/evidence/W7-U06_B_DASHBOARD.json","082b48276898b62461908b1ae4aad660db185416ef740b63a9c88cdb8e13fb04"
"docs/evidence/W7-U06_B_REPORT.json","7f04216927b3831e04bd340476c6793dc407c7b9d0272fce4052994e2cdbeba4"
"docs/evidence/W7-U06_BACKEND_TESTS_VERBOSE.txt","95736343c484ba682f0d2d55b1cd720b8aed532362d9dd73d11f19b34c3d0763"
"docs/evidence/W7-U06_FRONTEND_TESTS_VERBOSE.txt","3ede50c041b8fa41c8dca6f0c35c729023b847451737155b439d08ac75d48db2"
"docs/evidence/W7-U06_LOCAL_CI_TRANSCRIPT.txt","a62e9502ce0641726f027a5f7da2f37067bf89887ea8ab8204ad05d918308965"
"docs/evidence/W7-U06_OPERATOR_EVIDENCE_COMMANDS.md","5174c078ebed9c784da67ea007e7509fd7b111a3e34479759554f11c9c77c541"
"docs/evidence/W7-U06_PORTFOLIO_SEED.json","0ecffaa83f38d195b2cbd6a046eda20c8392f5b460318db55d3fa0cdbfbca3a7"
"docs/evidence/W7-U06_PORTFOLIO_SEED_OUTPUT.txt","6e94e887fdbb5f28f06e980a3f36750ef50f990ba6facc4c7fe64c9242c6d8e0"
"docs/evidence/W7-U07_ADMIN_DEFAULT_REJECTION.txt","78a3505c5fb4e7ed0cd00979ca15befb2c0b3292bebba104aebd57530f9d4eb5"
"docs/evidence/W7-U07_ALEMBIC_CURRENT.txt","d3e5e5e9dfa67100391c8a2782286d9b079e2473551d09ca1b11ca4a47a04108"
"docs/evidence/W7-U07_B_COLLECTION_LIST.json","5ef6ef90a004ca1d7809b0f4984406b538bdd57b211f3a7b67f2247ec14810aa"
"docs/evidence/W7-U07_B_MUTATE_A_COLLECTION_EMPTY_BODY.json","edc5812847ec8b95cb1916e577e56bef7b39a67edebbe02d4408af56819a84ef"
"docs/evidence/W7-U07_B_PREFERENCE_LIST.json","eac5fa943e8a26bc076f155ca9b892584177b5b28bb443e092fa3ebe7be46082"
"docs/evidence/W7-U07_B_READ_A_COLLECTION.json","edc5812847ec8b95cb1916e577e56bef7b39a67edebbe02d4408af56819a84ef"
"docs/evidence/W7-U07_B_READ_A_PREFERENCE.json","74a8287a820b8bfdddfe0f58b47a509c43849b0e3a0be42d1d7be97e75ea3589"
"docs/evidence/W7-U07_BACKEND_TESTS_VERBOSE.txt","0b97c626b6e99e0fa3959625e7a8c0e414a440c0c9995852204c83d62ba4db3a"
"docs/evidence/W7-U07_LOCAL_CI_TRANSCRIPT.txt","6ac0fd76ee694a31edc42b94e5baf9c87d502a2cf069323883d0c8b95aec9a4b"
"docs/evidence/W7-U07_OPERATOR_EVIDENCE_COMMANDS.md","b6063a7ff5ae4edd20b2a032f01dce11ee852500839cd1ae30758548817d8d9e"
"docs/evidence/W7-U07_RATE_GUARD_DISPOSITION.txt","af98caa28d6126c761e27d39f1f2cc9bd6767d4da2af9c9de83e0dfb5b151ed2"
"docs/evidence/W7-U07_READINESS_SEED.json","9282de0694374aa4adfa8730664a1e433f06ea5074719f848aa5e1df6c1c8331"
"docs/evidence/W7-U07_READINESS_SEED_OUTPUT.txt","84deae33275cbabec8baca2318c25227aa32507f31fef82d9ba40c3c6872e37c"
"docs/evidence/W7-U07_REDACTION_PROOF.txt","e3e119ccbf9fb40ee75f20cac239589e6eea84df06a0cb3d8caf4230f132fb2d"
"docs/evidence/W7-U08_ALEMBIC_CURRENT.txt","d3e5e5e9dfa67100391c8a2782286d9b079e2473551d09ca1b11ca4a47a04108"
"docs/evidence/W7-U08_BACKEND_TESTS_VERBOSE.txt","7e4b1f9e43f84c869bf488ee602c5a17bc6e6aac4d7b0ed92c26a4b2ef77c55b"
"docs/evidence/W7-U08_CLOSEOUT_SEED.json","9b85b969d0f1010ddc86b3e404eb1c38a5fee2012f2573bf4c4e5c2bb588bff5"
"docs/evidence/W7-U08_CLOSEOUT_SEED_OUTPUT.txt","bfe48a102f9e82e39e342b14dfa78af36e713aecba2c6084c7502da8e8fedd64"
"docs/evidence/W7-U08_GATE_BROKER_PROOF.txt","fbb3c19060b265129b937f7e140796cd1207647988b645283888dbd68074ca16"
"docs/evidence/W7-U08_LOCAL_CI_TRANSCRIPT.txt","49d539482425e90ec9e866931065f2cac341be5aa7a49a1f997ed60fe680e275"
"docs/evidence/W7-U08_OPERATOR_EVIDENCE_COMMANDS.md","367efa38ec182f7a2610b2f76836827662538fca490619edb294cf94f554c55b"
"docs/evidence/W7-U08_SECURITY_RECONFIRM_TESTS.txt","5cea9afb2d2aaad47c3e5deb7088ab4b29fdf399014abd040519226b40b19303"
"docs/frontend/CHART_WORKSPACE.md","9f812c53ca18283bee6b75f987c1cf265184968a973e986ebf6089d19744ddda"
"docs/frontend/LIVE_DASHBOARD.md","6c0972a1f694a42e393ad79028e91fd997c3e188326957f1f30d146675593433"
"docs/governance/00_VISION_AND_PRINCIPLES.md","eb1e5d582debb5c6c87981a278c5945007fba7e1e420503cda4e892b2e2f2fac"
"docs/governance/01_PRODUCT_MISSION.md","1b408a79a53b690953eb1228d7515c5febe21abfe29c8e485ebf0536e660efc4"
"docs/governance/02_DESIGN_PHILOSOPHY.md","f2a02e164a956a1b5aca5038d6a7bad0d1390d34440974519872299ef4d1476a"
"docs/governance/03_AXIOM_SPEC.md","ae2ae47676e726ee7793a490c50e1b1384633901a4c43eb0d008cdefdf96aa79"
"docs/governance/04_PROJECT_ROADMAP.md","024c0ba1812e17eb072f5a420092864db152e8128dfc3bb813164ca492a627bf"
"docs/governance/05_SYSTEM_ARCHITECTURE.md","37caee8fd9a9dadeb3d7381e29df617b27974629f795d8dd8291ab39508862a6"
"docs/governance/07_ML_SPEC.md","f44e20b9bc0c9e8d7c8e6d9240b2158031f162ab0be998a848125bc766df7f29"
"docs/governance/08_DEVELOPER_REASONING_FRAMEWORK.md","8eb9bcc287cda2b02e8312fcf45f31ee8ed39f79cfaefe2a2f66e53bf06649e1"
"docs/governance/08_UI_UX_SPEC.md","d78c028174e74fb8c301a98227a5ac1f9dc70df88aa85366557ff75c84e542d0"
"docs/governance/09_DEVELOPER_REASONING_FRAMEWORK.md","f3341677fc24b69e453475ff1c9ab3d1ff795bb4a26329d1bec1bae6d647e961"
"docs/governance/09_ITRGA_REASONING_FRAMEWORK.md","764b621084f7ab644fd3330ace1f5a9094e3627c4cd12227e889b6686369fa32"
"docs/governance/10_CONSTITUTIONAL_HIERARCHY.md","4ae9b785ebcd5947ef32abf27a7e523d1cfa23b0f483cf487d926158dacd45f2"
"docs/governance/11_PRODUCTION_READINESS_CERTIFICATION.md","c6025f4fcaa1f32d238a0ebefdf05af1209ed765a19b56398fa8e0ad13364a7e"
"docs/governance/12_INSTITUTIONAL_UI_TRANSFORMATION_PLAN.md","1d579a36b02439fd4b6500b5e9e3f773074e2b71fd1ce0984bbd48dc4f10a526"
"docs/governance/13_UI_TRANSFORMATION_MASTER_PLAN.md","5e89a4818c039527f221900e9f135f3c441fb3c799bac43896dab9b9cd3d326c"
"docs/governance/14_UI-001_TECHNICAL_DESIGN_SPECIFICATION.md","2a18e292317cdc956851dcfa000c1c7999031e30668661db069ec289c400a723"
"docs/governance/15_UI-001_IMPLEMENTATION_SPECIFICATION.md","bed2347227ed60bdf7af3d97a2f781f3bcca695f6377016fbf8aeb5b76883aab"
"docs/governance/16_BRAND_GOVERNANCE_STANDARD.md","16cd9966ae8fed690bdff5817db8889958ef85978adcfd0bd404d7f49322b079"
"docs/governance/DEV_AI_ONBOARDING.md","debd4fc300beb81a219c580ceb6d658653d4ce3aadfc0c3c69dce4393968b405"
"docs/governance/DOCUMENT_PRECEDENCE.md","1b47681aa6533b66e833413728667c0e8bff6e4595e7456cacfb1c49849f5960"
"docs/governance/GOVERNANCE_AMENDMENTS.md","cadfbbae25db24813ebe3ad8783cef926d46b346dac32ada76ad695504b5b0ae"
"docs/governance/GOVERNANCE_STATUS.md","35b7b1bc8fcd273739a7a9aa227fd102a094ac4020edfca56233a72007be1ea1"
"docs/governance/historical/05_SYSTEM_ARCHITECTURE.md","2dfbb02de557c564478585fca42fc083163fe7fac320001114c98f034033b8cb"
"docs/governance/historical/06_SYSTEM_ARCHITECTURE.md","fe2b652b111d015c20921ba2816a516ca61ed124d7d8f74535edcd5f8ae31062"
"docs/governance/historical/SYSTEM_ARCHITECTURE_v1.1_MERGED.md","69c343314199a78efcfae20cd9e452ede633bdd1b0dd06286a0a3799859d189f"
"docs/governance/PROJECT_READINESS_REPORT.md","ee1cba062cea65db416362bdbc8085f18b9819006cd008b85784d008f43d5b4a"
"docs/governance/QUALITY_GATE_SPEC.md","4513cac2729eb33a47630cfceb8a08e9867028117f08302ec082bc98c00c01be"
"docs/governance/REPOSITORY_PROVENANCE_PROTOCOL.md","adfe52cafe8e0718e6ddf074d753002d0cc20b5d9e7706cd8e8c0244e4888bb5"
"docs/governance/RISK_REGISTER.md","1f790d47b9f8567cae9bf962b0516fc359b10a0e40736ca4b25c8bb7e41d4af8"
"docs/governance/SYSTEM_ARCHITECTURE.md","69c343314199a78efcfae20cd9e452ede633bdd1b0dd06286a0a3799859d189f"
"docs/governance/TD-AXIOM-GIT-PROVENANCE_D2_EXCEPTION_MANIFEST.md","47d19abcd06655aee60c7b5ef386e0f09403e694c53c588e4de3353a466877fb"
"docs/governance/TD-PROVENANCE_INTAKE_MANIFEST.csv","3eba7da8ad0919e476a058d3d4ccfef03bceac5894ac6485090fabcb687594b0"
"docs/governance/TECHNICAL_DEBT_REGISTER.md","1c18d8515aa02e5039d78e42841007dcece70d06663c67d0dd79e0b7834038cc"
"docs/governance/TECHNICAL_DEBT_REGISTER.md.tmp","e3b0c44298fc1c149afbf4c8996fb92427ae41e4649b934ca495991b7852b855"
"docs/ingestion/USAGE.md","3842c39ea6081d127f9a5a7cd7a001a282513ed19c69c97506c3af9dcab99eae"
"docs/market/LIVE_ADAPTER_USAGE.md","3a05567cb26978a6373100c5cbd44eba7a1c747a843b5733599fc8d8783070af"
"docs/plans/INSTITUTIONAL_CAPABILITY_ASSESSMENT_AND_UI_TRANSFORMATION_BASELINE.md","8e90440a64b51880a7a793a1ec67e87236425d68782af87152c4b9d8693de807"
"docs/plans/UI-001_ENGINEERING_DESIGN_PLAN.md","62dd817c9801edbdc43e050afd0fab192572221d22d02de671aaaae0fa7d1803"
"docs/plans/UI-002_ENGINEERING_DESIGN_PLAN.md","8c4a6f1ca81fb593319f9e2d811f6f04d12344310393390671d56461fee3bfee"
"docs/plans/UI-003_ENGINEERING_DESIGN_PLAN.md","681cb946d4b277c3926226e8450db1044f79c9783c851429094b26aac583caaa"
"docs/plans/UI-004_ENGINEERING_DESIGN_PLAN.md","e355a178c505a592f78f1c864276e3a049e432caf1943f6f05b9106736f61579"
"docs/plans/UI-005_ENGINEERING_DESIGN_PLAN.md","9c7f6e802f39cc150ea031f4f8e2edac4316a3577ceff4ca254a5bfff267506c"
"docs/plans/UI-006_ENGINEERING_DESIGN_PLAN.md","140ffc28274c523e737edf5fef2f75babc9a9ae2250c4830c6961082214dec6d"
"docs/plans/UI-007_ENGINEERING_DESIGN_PLAN.md","6e00516acc1dc483acb4d2520b64e4b71dc675daded85431457c2597bbc490b5"
"docs/plans/WAVE2_ENGINEERING_DESIGN_AND_IMPLEMENTATION_PLAN.md","54d6163581af1b58b8ad326203420850c7e8650f6c3a91089532b90aa1795850"
"docs/plans/WAVE3_ENGINEERING_DESIGN_AND_IMPLEMENTATION_PLAN.md","85302f07614cedefdf7620863e641359ce6d3c4aa1dd51931a067c857be3bb87"
"docs/plans/WAVE4_ENGINEERING_DESIGN_AND_IMPLEMENTATION_PLAN.md","c43aedec930a1f055cd64f38093ba1b2c739ef22dcddaa2ce26578bc63657f36"
"docs/plans/WAVE5_ENGINEERING_DESIGN_AND_IMPLEMENTATION_PLAN.md","f26cf707464830e904d82e1690d2596507d68d33f4618cdf1db194c6e5a582ca"
"docs/plans/WAVE5_REFINEMENTS_R5_BINDING_ADDENDUM.md","c492c986b1be184efc426a83f3a5eeebf542f726bb5ad5863a33ad981c7bfaae"
"docs/plans/WAVE6_ENGINEERING_DESIGN_AND_IMPLEMENTATION_PLAN.md","be0bfcdd8e0ba8bd45254b7f8e1cc71cada97e65473aa09ae8dddb8edec9d965"
"docs/plans/WAVE7_ENGINEERING_DESIGN_AND_IMPLEMENTATION_PLAN.md","7ee602b65e81379a96428c263f315483320c7b488d6b3d49446e556d29061781"
"docs/technical-debt.md","c154664e8a50e047978b857fcac05d48c3f80aa1457094414c5b0fcde526dbd4"
"docs/templates/BUILD_ORDER_TEMPLATE.md","9076cca4ac6fb9c69fcd306ee0accfb1a64e489e1b8983aac85282d7d9564bdd"
"docs/templates/DELIVERY_REPORT_TEMPLATE.md","4e446f77485279956cef4b8c5d100eccbee68c953f278f38c63dd925dca9a1f7"
"frontend/.npmrc","d192237e6c1ee02c339bb1c9cd1ccd7ab0566915fbccbd7be6bf53cc0a6b1335"
"frontend/audit.json","7c805411cf62f604fea4a22a50c6505a942809fbcd220f191270d79e578fa9f2"
"frontend/index.html","dedba14f25c64eaa690d889c6f6b267c5149ea42ddb872e8e2232271be0ca968"
"frontend/package.json","038b766fffdfe776f2e4820de3c9c9761c3f1c1a4ce6829514bdcc01228494dc"
"frontend/package-lock.json","3bec9103f8316e3f1d85283d77bcdb2b85cc66829b6dbbeded8fc44fb7faede6"
"frontend/README.md","f2b8a5447f27b26e6ff578ce01c4fde17f60e381a531f25501e850c0451bfc87"
"frontend/src/api/client.test.ts","aa4352c7fe852d608f11dedac59d4ff850a94058ea9058f5dc6a1a60edbcd7d3"
"frontend/src/api/client.ts","831af45a6a252ff945f52b694e32f39c9f946e2fb09be1c064f2b9265030e2db"
"frontend/src/App.tsx","d24537316b1ec9775230d0e7d66709cade7ba2b00f390ed3140ddf01d1e22ca2"
"frontend/src/auth/ProtectedRoute.tsx","cde1085cd67839f1ea6cb800f8af54f7cd7d08d5db47c14ef259af043d68de7b"
"frontend/src/auth/tokenStorage.ts","db6be3b8a339489e3a5310d422c6f9676fad384760cb23221626b48a2b79ac57"
"frontend/src/chart/types.test.ts","02c0f9ccdce1d40126aaa351edcf48081286c5720ebdeda3ca52bb17cf0ef01b"
"frontend/src/chart/types.ts","c9b6b31a9759688c790fb2bdf1d0648d927afc85a8b96d4223162442e31a6b88"
"frontend/src/chart/useChartState.test.ts","ee18b5089e14f8bb818868dea664aa3f8bc7279f1e91f2a4546410ee26c32485"
"frontend/src/chart/useChartState.ts","89140f745f87efb4a575533abb9339d0982f6e965a0f02acee581b9177bc3a0c"
"frontend/src/components/alerts/MonitoringAlertsPanel.test.tsx","09cbbf80c59ae73653e435226910976f37248d06f54c49d154cb8b84a17c1e24"
"frontend/src/components/alerts/MonitoringAlertsPanel.tsx","787bf1e259aac9c664f9dc070a27701ffda5b6127233126107a8c2f5784f0b67"
"frontend/src/components/chart/PriceChart.tsx","ebc95c286a14b3a7507422ce39b84ea562df1a5da144f7b4e7281dfae6ffb4c5"
"frontend/src/components/live/FeedHealthBar.test.tsx","5fb384e32da050b12d9e4d42edfdfe77496693c559b1fabd2f5da39cf2ffb557"
"frontend/src/components/live/FeedHealthBar.tsx","992124191e4125d6426eeb692d6c50dec44bc12db4c2d1119c4f3bed00c55825"
"frontend/src/components/live/LivePriceTable.test.tsx","bed6c510f65d8810595c886e6a91ccda5892268ebe20f6cce8b4f97470779e3c"
"frontend/src/components/live/LivePriceTable.tsx","4d8c6f1c8aa3a3d2dbe92883af95c8c55516de9fba94a582a0d20229b688911f"
"frontend/src/components/StatusPill.test.tsx","bed9ae1836dea5976f3d49cf7d828bcad7a9b98443d7e696676e61e2a3b4120d"
"frontend/src/components/StatusPill.tsx","7d81cabefd666afc2445861fd6041c450b09bc1b5c4856ea24f27d64113bfc51"
"frontend/src/context/AuthContext.tsx","18755d885945722b0ddc76cc312819dd2bc48dda8e21891003ee0d1d809f2f96"
"frontend/src/hooks/useBackendStatus.ts","0f48d9c028076045e461502a5e6ae52eb319fa4e6b8c4b9b40a911522df8bf00"
"frontend/src/hooks/useChartData.ts","54450c41e94b31278e79d82032fd5e6ccbb16be1153afcb0eda5d9e46f30fba9"
"frontend/src/hooks/useLiveMarket.test.ts","2b1cbda42d54a7be0eece186b38a64cf77366ee9ffd502f7f5bd9b0174cf71ae"
"frontend/src/hooks/useLiveMarket.ts","7f6075c188a5601d8e6c8edd5f53022c34cf55a64e0a7a3b53ccab7ef98000a5"
"frontend/src/hooks/useStatusSocket.ts","5693f41f657b07779709c000d624f7968ace9503b5d6858f620fcb2769b4ecee"
"frontend/src/live/types.test.ts","f1b8f9e5b303dcc3f6ab69e453bcca9f42719cc5b1a0e519268d7de1b230ed41"
"frontend/src/live/types.ts","54c524580400edb8db4350d89f5b6042c0282010a066b57083ec866a0d6076ae"
"frontend/src/main.tsx","60564c2c547c02887eac17c0e7f0798bd689de055230b6fff045959441f55787"
"frontend/src/market/MarketOverlays.test.tsx","eb971b32065e7f4dc40351c8636d1f4841f9e5c9b2bd48e1b5ef40b54d2a8933"
"frontend/src/market/MarketStatusLayout.test.tsx","69d0dc44dcb073f95129c36967cc3ae31d080964fd07e5583e4e2e2e7f541844"
"frontend/src/market/MarketWatchlists.test.tsx","7525a69bea379e752242f5d59b89efc1b3ab47f6dc5cbd00048728eaeb0538fc"
"frontend/src/market/marketWatchlists.tsx","1e80bb5452ff9d4632a635ee0980152097c7aa95209136f373aa0798aa79e6b6"
"frontend/src/market/MarketWorkspaceCompletion.test.tsx","4ae79510e9a5b894986363e60700bbd14d1100326faa42c0b55e72b260e13333"
"frontend/src/pages/AdvisorySignalsPage.test.tsx","33a3496235a3ff4d71982d93b07ac0eb9aa79e5703c79ac72c809c5cc73a3eb5"
"frontend/src/pages/AdvisorySignalsPage.tsx","28672d25bf274cdebc99a6d61785783225fffbf89f9e5d67ba31289e1c8cfcc0"
"frontend/src/pages/ChartPlaceholderPage.tsx","24cbd91cf53e1190c8a69b9be906b8a320bc1cd1a69046e402009fcf663d0ae4"
"frontend/src/pages/ChartWorkspacePage.test.tsx","159d402ac32b5a51969af6fb9f5ebe8ea7e03aead92fba7c873d447097f0cc72"
"frontend/src/pages/ChartWorkspacePage.tsx","658ba08ec4cd63ae745c4cc5e327cd96a91b1a4310483235d58e110b83f653b8"
"frontend/src/pages/DashboardPage.tsx","b8784c1ae21ddfeac126a5febe8d978c2b8c52b9bdc4038a9c162df32f4220a5"
"frontend/src/pages/ExecutionResearchPage.test.tsx","9ac458a16e6f397feea927c5c8d99803f0cf44bc35c938158ae94ed1ee022018"
"frontend/src/pages/ExecutionResearchPage.tsx","ad077fa7644e9c5974e00e081055e63959d2bd4f27e757a258945cc5f06d7764"
"frontend/src/pages/GovernanceEvidencePage.tsx","7fbe438f33d615e84d59ad037308506843bacc92ee61173b79f98cb9a30506a5"
"frontend/src/pages/InstitutionalIntelligencePage.test.tsx","72f1b8c4e7531122d74366a124a1f8061d6ba56e38192b9ae8c23f6629a2f49f"
"frontend/src/pages/InstitutionalIntelligencePage.tsx","7691f8a9762b468919474844994c73ee70a251f7238c5e28946aabaec02482b9"
"frontend/src/pages/LiveMarketPage.tsx","8a84559fb8ea231869502e34cbf00c28479e6609e690b1ca28db4dbb90ee7c91"
"frontend/src/pages/LoginPage.tsx","b70059fcdab08e59ff2504565746a619b693ded2744f3913f000b14efb0269dd"
"frontend/src/pages/ManualJournalPage.test.tsx","ae1a4972bac34a9aae9d3b79c104b59a36e49975ed48a34316c6a239a832d734"
"frontend/src/pages/ManualJournalPage.tsx","7def308b638631cdf1cb9b7e0f0e3c61ce87a8716895e06dd0d2e81bec2ba1d0"
"frontend/src/pages/PerformanceAnalyticsPage.test.tsx","71a1abf6cbcbc687b3a93672df47a90926b514f23fbcbf6fc7f62629b1fb00ea"
"frontend/src/pages/PerformanceAnalyticsPage.tsx","36d3dfc2b8d15f93b78edc2126ff1510946ada3c8252c39f6b8640146bb27690"
"frontend/src/pages/PortfolioResearchPage.test.tsx","f8e45c9eb9d5464d7d0d5a62a6cf6d4aa69f7bba7c328fcc081420c2cd5bec14"
"frontend/src/pages/PortfolioResearchPage.tsx","ba77088c743af594ee6118be46132142f3b75b99ac63bb3eb644d6741e61ef12"
"frontend/src/pages/ResearchManagementPage.test.tsx","b4879369f6921b2b8c63248bb44c7617a0831df161648e611d875088190655ac"
"frontend/src/pages/ResearchManagementPage.tsx","68972c1053cf6a5482a57206620393e851518b976ae50ee23b80bc5f83c4cd42"
"frontend/src/pages/ScenarioComparisonPage.test.tsx","7d12cc68acd25cc30558ca35d64e97413d3c749d3d28d809860573de200b8d05"
"frontend/src/pages/ScenarioComparisonPage.tsx","ec2df837cb32ad7c759da54acec5a797a5fcc6e21330b262ef8e45a3de09510d"
"frontend/src/pages/SignalInvestigationPage.test.tsx","c81406d97437db947f70273bf9d7d2503664664e2c581bb0416832618970b21a"
"frontend/src/pages/SignalInvestigationPage.tsx","0171153174c4320d7aa31fb6e2c4aab146a17b1d13daa7e86c5c04ede95204ba"
"frontend/src/pages/TradePlanningPage.test.tsx","99bc43b9595df3d186b5af493d6bb03b2a9e357da3aef496f307d4109f70871f"
"frontend/src/pages/TradePlanningPage.tsx","d361b6b6f6e473b247e03f214035109af305305d5228e3c0c08ccfcf786cacf1"
"frontend/src/pages/WorkspaceCustomizationPage.test.tsx","1204c804a4fbfc28ef29943aaa2a161a40fa0c6837f2cfe58f1d5ace66881e3f"
"frontend/src/pages/WorkspaceCustomizationPage.tsx","601ac2f8735c2a3f1588d59fe6094f26288795184f61a49e0ba8bb82a36759bd"
"frontend/src/styles/global.css","1bd58fd3f127954f1a8df0f0f8a983de761dae84e623e51e1f6cb810db67b301"
"frontend/src/test/setup.ts","9b328c4843431fa76d8de00008fc159e95f99a840211085ff3b8f25e53d14409"
"frontend/src/vite-env.d.ts","c0e96a34fbc80e315304e0187f0e2ea5359bc041d70dcffbfd73388b41864c56"
"frontend/src/workstation/artifacts/ArtifactCatalogMetadata.test.tsx","e6be4117bc23065688e215b77181a5cb4a73d935588b9db13e544cc81ddfa633"
"frontend/src/workstation/artifacts/ArtifactExplorerCompletion.test.tsx","003f2ed779f50f896f9e2d3741ff85cf29afe198b818728527c561f212ccfddc"
"frontend/src/workstation/artifacts/ArtifactExplorerFrame.test.tsx","fda868eceb5f346a4573442d40e9d91f63d990888fbc3be6a990eb90117d5328"
"frontend/src/workstation/artifacts/ArtifactLineageRelationshipsFiltering.test.tsx","654df2aa3c0d1ef5799b3782394c82fde6f63ede2d1c7d75bb47e101b96101af"
"frontend/src/workstation/artifacts/CollectionMembershipMutation.test.tsx","e0623bae2ceec1c79fe726abd8d7042f7c44e13a435a2b9ca72276ad3df89970"
"frontend/src/workstation/artifacts/TagOrganizationMutation.test.tsx","1d5b1f6274fbdb048aa5849d403e00dd162d7badd9d848ba00aa52f07d2c963f"
"frontend/src/workstation/commands/CommandRegistry.test.tsx","d400ee9a8796734b26b131cab6aae345bf92aed498234ead02e22d29a45cbf33"
"frontend/src/workstation/commands/commandRegistry.ts","57f5e7cf1e575c3d4129e5c96ee652e3d87fcdbcb3c3a0d393e0bb4a06022c9d"
"frontend/src/workstation/commands/commandTypes.ts","b8c2552d1e7395a56e0ac60688c3d7cdf084946a555c14f99a4322ef2e097a93"
"frontend/src/workstation/commands/quickActionCatalogue.ts","0066e06859d1b52e7ab281135f179a6898cf267ad6cfba7d693017546f37c73f"
"frontend/src/workstation/components/InstitutionalWorkspaceShell.css","feb011a661657c891fe829a9451b8cfbf30710b54eac50baefa9126062211d3c"
"frontend/src/workstation/components/InstitutionalWorkspaceShell.test.tsx","50e0823fcc238110f9d8baad68b6545df9a9cc1f9f86b8efa5cfc741b4cc058f"
"frontend/src/workstation/components/InstitutionalWorkspaceShell.tsx","0a13039029d4d2fdc8a6dcf9c25d4bd69fa39a0382b2dd2b56b06c6359cfe5f1"
"frontend/src/workstation/components/WorkspaceHost.tsx","68984f92c47939ba7e2eebf8a490ab0c8015d6fa51b33a2d6e196f2c0b7bec05"
"frontend/src/workstation/design/theme.ts","fa6e0787399f08dea1de4e1d9dbdcfc0f7cf31ca0f09f338fbf2b791093ac006"
"frontend/src/workstation/design/tokens.css","af81735b4ef56225df53f2db564b4e33904165548eaf7f398a1d4e5f8d892bd9"
"frontend/src/workstation/events/shellEventBus.tsx","329cf831447c3f70e9d128708086b3ba5d792c2abe03405881ccd27869850d68"
"frontend/src/workstation/governance/AuditExplorer.test.tsx","6996151f9045939836d3d6b537e866abf56f548d1d0ee6bb693b65be3e0624c8"
"frontend/src/workstation/governance/EvidenceValidationPanels.test.tsx","a31f5d14643f4dd08b67248653bc98b9149371a4f4d47146742ddf2d4b76136c"
"frontend/src/workstation/governance/GovernanceEvidenceCompletion.test.tsx","957c6ee63ca21584192036d6795040c4fe2818eebf45af615fc4eb37ed81648a"
"frontend/src/workstation/governance/GovernanceStatusDisplay.test.tsx","efada98f04cc8f874fc9de3d118e31e44ac6f363af575c9a844bd8ec77210bee"
"frontend/src/workstation/governance/GovernanceWorkspaceFrame.test.tsx","d5745ea4b571c48a3e09df6f5ebdb767ff5272c94fbb93d841dc4d557e0c32b3"
"frontend/src/workstation/governance/PlatformOperationsPosture.test.tsx","2ccefdf1faa7c8a0178afdf04c981c4ea48906f1bb5ae75fa0705dfaaeb1c3d4"
"frontend/src/workstation/investigation/ExecutionResearchContext.test.tsx","804cf2c0ef8e43c6ff67d4c0fa79cd7d52b4ad8b452761e121b7dc8d3c290e39"
"frontend/src/workstation/investigation/InvestigationPlanningCompletion.test.tsx","55e81ec20f14a21a538a676a7e1efbccb79d16700a2a215da3e5dd6bbfd6b344"
"frontend/src/workstation/investigation/InvestigationPlanningFrame.test.tsx","7925c1d55f2b91badbc7da6ec0518f1b474dfec11532a439a5d29d9a4e0dea1d"
"frontend/src/workstation/investigation/PlanningJournalContinuity.test.tsx","b8baf22dd901da397d4a8eb0a443b13ba5f8108c2c296048ea1902218ecccd5b"
"frontend/src/workstation/investigation/ScenarioPortfolioContext.test.tsx","9d128f9f19a7b6d1e7d045804b0fe0c9d8fc7759b5d31f9cd32a3067aefd5897"
"frontend/src/workstation/investigation/SignalInvestigationLineage.test.tsx","867f2f57a552f1de29c97964afbe022d040490fb89434865cc054f434e9c01d5"
"frontend/src/workstation/market/ProfessionalMarketWorkspace.test.tsx","7f57f3317d6e55ddb35f22dbacee7545fdab98904b2c62c0e3600661b542c995"
"frontend/src/workstation/navigation/BreadcrumbTrail.tsx","2dd12e5b199483611a17745ff56df506539450ab90228bd92a11fd5674a8d29e"
"frontend/src/workstation/navigation/contextNavigation.ts","98186cdf41e4155a24cdb2a0dc637b98367862b9fbf8859d0a87f3faf33f22c4"
"frontend/src/workstation/navigation/ContextNavigationPanel.tsx","c0e8c053a55a0d4eaaa479819abe1160a419e4a1fbfba427069c0881a2cf9553"
"frontend/src/workstation/navigation/NavigationDock.test.tsx","31a208f1056f3ca3ff496b751266d2e0405fcc1af2e99545c71bee977ac4df75"
"frontend/src/workstation/navigation/NavigationDock.tsx","d616a51d1db04556375efb28243e19f22c89da4007d07b63317ee0c9f250c63c"
"frontend/src/workstation/navigation/navigationGenerator.ts","540920457f8db403a5678838703eae5d296f18f85af3ff53d3cd9827c043f0c9"
"frontend/src/workstation/navigation/WorkflowNavigation.test.tsx","99fed56861718ddc02165150fd2892880436d6b5a1adb2789906b4ddab14df83"
"frontend/src/workstation/navigation/WorkflowNavigationCompletion.test.tsx","de423b7c9d180fd8fa8368ad8258b59c0641f311c1f61ff870c5099a52220358"
"frontend/src/workstation/navigation/workspaceHistory.ts","da55eac39f681c60e10367a176e20e9891b766d4ccd06b20dc28de0cdcbb1709"
"frontend/src/workstation/navigation/WorkspaceNavigationSeam.test.tsx","e9188608b438ef354192a640e9c05b7d6dd95c6ffa2399791e1cdf728d742c5d"
"frontend/src/workstation/navigation/WorkspaceSwitcher.tsx","92063128bab5d3ef88239bbf20b2917a2d7c50aab1cc7b41448aad5abc58291b"
"frontend/src/workstation/overlays/CommandPalette.tsx","062ff948e57efc8f4089bdb801c1da51da6e8e326583ee234e04428ae2967755"
"frontend/src/workstation/overlays/GlobalDialogLayer.tsx","02557a559490a6371f0f03e2a12de03e9cae4e6646dc0935973e82398ab17b17"
"frontend/src/workstation/overlays/NotificationLayer.tsx","bbc5d212a381d486c838565f1e58945b34369907515a6fdae5db70f75799d875"
"frontend/src/workstation/overlays/OverlayInfrastructure.test.tsx","79cd455e94fb0d866bc38af289104a9525c6e6f36c7442ec5ed21fa211989b4f"
"frontend/src/workstation/overlays/OverlayLayer.tsx","ffe2eba7328a3d3565931292a0104ecae686575456c887ba5d2f5f6f690b4b76"
"frontend/src/workstation/overlays/OverlayProvider.tsx","d6b60852bb756506076ed72e1225e9d16f60cd805b16a5ab72678fe206e4da67"
"frontend/src/workstation/overlays/overlayTypes.ts","e008cf78434201ea1533c95ff43aef65543da90e689c78a90cde4886dc938cd6"
"frontend/src/workstation/panels/dockingEngine.ts","7dc24d13c42de3f90477cd30cc7dec3dd7809dd3e1f55ecedb834adffa35295f"
"frontend/src/workstation/panels/layoutManager.ts","671b4054329450c1f7209dea0fc5aef546c187804017da920208bf4bee9c5a73"
"frontend/src/workstation/panels/PanelHost.tsx","7f66cde1b8ac5653b2425a8981e17528231a267907bb64b75538b18e3b576543"
"frontend/src/workstation/panels/PanelInfrastructure.test.tsx","67e80eae0d9fa333c166ccaf3fffce86eeceb7b23eaf7678547036ba8e495178"
"frontend/src/workstation/panels/panelRegistry.tsx","b8613c25c7896abf285ade38674522be1e8dd7f7c3facbbe93e316a70fac35b8"
"frontend/src/workstation/persistence/shellPreferences.test.ts","a59c97a6dcfd56f8ba93e2d5d9f33c7a1201b1ef95f53239a1b3f248d7008955"
"frontend/src/workstation/persistence/shellPreferences.ts","fa3793de62aa5b48b1067a7518081efb3bdaff4c62a21f842f1954b1b2e06f92"
"frontend/src/workstation/registry/workspaceRegistry.tsx","447f39e5f79c40e16d3a5fa878ad5a6f05f471323affe1dd481c2af412a888d5"
"frontend/src/workstation/research/ResearchAdvisorySignals.test.tsx","32159ee51d9b0014e0947d7d70f8a4e1d41ab50e2777be45f84e78ca8fc3d3ff"
"frontend/src/workstation/research/ResearchArtifactsContext.test.tsx","e15ae89c62369fba6bb2543915fdfa76eff88bf92f442c096822cb5bd25f1835"
"frontend/src/workstation/research/ResearchIntelligenceCompletion.test.tsx","191abbcdaffabcfccc4121cc5f8337aedbf3ab02a796394c8c4333d35dcd7bc5"
"frontend/src/workstation/research/ResearchPerformanceAnalytics.test.tsx","70c217019e48d3d605dbc2278dd687a6e4107a7a6cf25df1c7ad2aee039862a9"
"frontend/src/workstation/research/ResearchReportViewers.test.tsx","c530719f338e1b82f8c42cb80d62d394371a7db1c4403a14d3f6c495c518e6fb"
"frontend/src/workstation/research/ResearchValidationEconomicIntegrity.test.tsx","7880c7c69ac3c01838f2b652ec3d44c7a1135f4c519a043d287399bbfcce939d"
"frontend/src/workstation/research/ResearchWorkspaceFrame.test.tsx","cc8a60391ec235f2079ca5c26e57cf4f9ea7f1cf7db9c43648b897ff05228b35"
"frontend/src/workstation/search/GlobalSearch.test.tsx","4707ab4f0826f4949965b33a11b19cc5a9b2fe5fae857a5f7174aa4ceb0690bc"
"frontend/src/workstation/search/globalSearchIndex.ts","74d467c8d7a16f033c752f91ceb5602f40effc5e7c7a45092f1012a5e0e7dde0"
"frontend/src/workstation/search/GlobalSearchOverlay.tsx","0ec3eeeb9e3a34277f2fb8482f03b6efed8d764818785f2b95d49a6226122171"
"frontend/src/workstation/search/globalSearchSources.ts","3c068150fd376d29e2f2da14fac9ada47c806930910c2b672c5e75f067910c90"
"frontend/src/workstation/search/globalSearchTypes.ts","e8007b6a834b4f9810f14d241de530bbc20b030a5148051d545d2488ccc83ba5"
"frontend/src/workstation/workflows/workflowModel.ts","d5a64d30295083d4ed0be03c3619e70e089829e09dec2dc6232929955ae68f57"
"frontend/src/workstation/workflows/workflowNavigationMetadata.ts","c352db7e077a0ce890293f199f2e53981a52b839c4975d4a1f86b870d0b017e2"
"frontend/src/workstation/workflows/workflowTypes.ts","655b26a699b9b3eb09090de925955c20d6cb2d1c2980f6f19adb7fdcc22ee5ac"
"frontend/tsconfig.json","0c19b34e1a286ddf4840190568622bcb9705370d504d19a12e9f04010d4803ad"
"frontend/tsconfig.node.json","b96c2bc99283695ad8e071981239cdbeecde872dee6338ce4423c770926a42f6"
"frontend/tsconfig.tsbuildinfo","43cf3171e2e5966c99b242d6e7a9d7425c620d14a7d24f99c1b40babed1e1a08"
"frontend/vite.config.ts","13f2356c8e3b9b89ad243118814a976730fe0d38ea5b1a65448da062f922c8ba"
"scripts/capture_ui007_p05_api_evidence.ps1","2031b3abfb9cb32899be03c65d2759a3114b75ad7ad3f48f2bf4541c0d91c2f6"
"scripts/dev_backend.sh","d13c157c879ef24d58f0218d1673626c0a63ea1b9c97e87e10997d05bf569eaf"
"scripts/dev_frontend.sh","a61a4d3d58deac10a3eec70e67436a404cb1f8d2a934899f2a2f9cc35e8251fd"
"scripts/diagnose_ui007_p06_r6_audit_visibility.ps1","a2b1deb53060fda8c01f1493ef8240d9de2d68a6c0393fbb3b1a3e78159a433d"
"scripts/git_provenance_guard.py","a159a0197a4b3aebee9399d44e067c6f1feb953cef68be4f24c17bed66625e9a"
"scripts/local_ci.sh","da321e533218311ca1d4a214c4980e6fb8ba9db0d463703dfb6964ca2ae4ad35"
"scripts/run_dev.sh","96901ef85e4bbcfaf8d9e9769e865a89a36d4d9c0d7cb8119d9680df9eb6bbcb"
"scripts/run_td_axiom_git_provenance_remediation.ps1","4eb5b878137e77e84ea22db48ced77b6ed6e9bf0785203939c1bb94b3d106f87"
"scripts/run_tests.sh","6a0f4605728ca9953452bf7c2a985a80ed2032ee1acf999208bf7191d2ad8b29"
"scripts/run_ui007_p04_ca_evidence.ps1","474da74c0ddddb20cc2ab1d8fdadcde2db4d2de89378eff9fca5c54de8b6ff76"
"scripts/run_ui007_p05_evidence.ps1","8fdd38674b43ff9132423e08be73f5dd80215d6ff3937dab0d733e69a6880b04"
"scripts/run_ui007_p05_fast_preflight.ps1","1fa6096d13790e299b803376c085655e43929e5d387cc7a257d6da403eed1182"
"scripts/run_ui007_p05_final_evidence.ps1","3b8168934a8cdedfe1e11b5a2a7ba3d5a6c1bc79770e08405d55732ca31cf177"
"scripts/run_ui007_p06_evidence.ps1","ce3cb5fc5b29d158bbb737c24e6cabd17e0f7a267be3bfbeb928ca33e9ff5498"
"scripts/run_ui007_p06_r6_final_evidence.ps1","2df0d781bb573d745f37c797bc480dd602e39085a109c51f79dcc3fccc864ab0"
"scripts/run_ui007_p06_r6_remedy_evidence.ps1","bd46a98327f8964261de487954e3ef5f9029e46a1fbfd507f57034fc3d3fefda"
"scripts/run_ui007_p06_r6_rescoped_evidence.ps1","b574cee037abdd34a368c46897e2eb167b9511499113fb5fd0e57407444d4125"
"scripts/ui_001_p04_seed_shell_preference.py","732291909859e43f2ab40a1d97dbf8bad2b1b5c7ae344aee3df247b2af41ee0c"
"scripts/w4_u01_scientific_dependency_spike.py","80676d4f3e1414404c5f31b3201ced0ae51595e321e8a951b3f24fea3c3d5e96"
"scripts/w5_u02_seed_assistant_responses.py","9a7a57a4ea44c6b63bfa71972c04d7e941069c96f8c164353bd3681bb0131984"
"scripts/w5_u03_seed_chart_annotations.py","97eae169790af986cee935dfe7a7302cc85e34c49c3b312b04e816de8b92e725"
"scripts/w5_u06_seed_trade_plan_notes.py","b3613e07ad1b97c1e0be05253d7e962a86eaeb545b48669e133a67122f1478fc"
"scripts/w5_u07_seed_manual_journal_entries.py","a6d5d98e5cd6ff92383c5cde251f960d6c595fb03a762c2137b2fac9748b0602"
"scripts/w6_u02_seed_simulated_execution.py","3fb1b0406e279be813690dc297130c11037a96ebd4553072dfd5c1f2966e8c90"
"scripts/w6_u04_seed_execution_risk_report.py","f688346ab3ca17948224bc065413108a1582466fccb767a49959ce7414c9f183"
"scripts/w6_u05_seed_execution_experiment.py","402ddd83c04ec3259230cd3a5e7377e52d43c60e3a676d043da38a29807af109"
"scripts/w6_u06_seed_simulated_execution_analytics.py","974d56a8cbbb53091d99091df5cceff8c941907d80f3805e3d47343aee755912"
"scripts/w7_u02_seed_workspace_preferences.py","a4d7da671c9fbdfb17eb1f84cfecbbdf70c8f507ae683be06d739b23885dae40"
"scripts/w7_u03_seed_research_management.py","9a6a81f369416e6141b5b8c32767c14480d027b52e31fe9ed664cff59090d7c6"
"scripts/w7_u05_seed_plugin_refusal.py","8f031d3810e22a967289612e6717720f088b528bfee661b6e1e1f74d873e10fa"
"scripts/w7_u06_seed_portfolio_research.py","bda97d87cc1774affe56f96a43aaaf19ec774d9e3d46dbfa8122bced7fb9f48d"
"scripts/w7_u07_seed_readiness.py","d4e5d3b356fd908de562b9f28db2c29c85facb1bb85894f155e87dae0b2dedee"
"scripts/w7_u08_seed_closeout.py","91800f83f14b0e3e539710f0d4557845bd64787b09b49441df583543cf06ae9d"